timestamp,quat_w,quat_x,quat_y,quat_z,acc_x,acc_y,acc_z,lin_acc_x,lin_acc_y,lin_acc_z,gyro_x,gyro_y,gyro_z,mag_x,mag_y,mag_z,euler_yaw,euler_pitch,euler_roll
1752550914224,1.0,0.0,0.0,0.0,0.0,0.0,9.81,0.0,0.0,0.0,0.0,0.0,0.0,0.0,0.0,0.0,109.03,-4.44,-23.72
1752550914320,1.0,0.0,0.0,0.0,0.0,0.0,9.81,0.0,0.0,0.0,0.0,0.0,0.0,0.0,0.0,0.0,105.79,-6.5,-24.15
1752552014919,1.0,0.0,0.0,0.0,0.0,0.0,9.81,0.0,0.0,0.0,0.0,0.0,0.0,0.0,0.0,0.0,119.08,-19.9,-18.72
1752552186212,1.0,0.0,0.0,0.0,0.0,0.0,9.81,0.0,0.0,0.0,0.0,0.0,0.0,0.0,0.0,0.0,0.0,0.0,0.0
1752552187809,1.0,0.0,0.0,0.0,0.0,0.0,9.81,0.0,0.0,0.0,0.0,0.0,0.0,0.0,0.0,0.0,0.0,0.0,0.0
1752552188107,1.0,0.0,0.0,0.0,0.0,0.0,9.81,0.0,0.0,0.0,0.0,0.0,0.0,0.0,0.0,0.0,45.16,-28.51,-20.26
1752552188208,1.0,0.0,0.0,0.0,0.0,0.0,9.81,0.0,0.0,0.0,0.0,0.0,0.0,0.0,0.0,0.0,49.66,-27.79,-21.1
1752552194107,1.0,0.0,0.0,0.0,0.0,0.0,9.81,0.0,0.0,0.0,0.0,0.0,0.0,0.0,0.0,0.0,0.0,0.0,0.0
1752552194308,1.0,0.0,0.0,0.0,0.0,0.0,9.81,0.0,0.0,0.0,0.0,0.0,0.0,0.0,0.0,0.0,0.0,0.0,0.0
1752552194908,1.0,0.0,0.0,0.0,0.0,0.0,9.81,0.0,0.0,0.0,0.0,0.0,0.0,0.0,0.0,0.0,21.85,-10.69,23.79
1752552195009,1.0,0.0,0.0,0.0,0.0,0.0,9.81,0.0,0.0,0.0,0.0,0.0,0.0,0.0,0.0,0.0,17.53,-12.62,23.29
1752552195407,1.0,0.0,0.0,0.0,0.0,0.0,9.81,0.0,0.0,0.0,0.0,0.0,0.0,0.0,0.0,0.0,1.05,-19.65,20.46
1752552199310,1.0,0.0,0.0,0.0,0.0,0.0,9.81,0.0,0.0,0.0,0.0,0.0,0.0,0.0,0.0,0.0,348.31,8.94,-24.55
1752552205008,1.0,0.0,0.0,0.0,0.0,0.0,9.81,0.0,0.0,0.0,0.0,0.0,0.0,0.0,0.0,0.0,0.0,0.0,0.0
1752552205108,1.0,0.0,0.0,0.0,0.0,0.0,9.81,0.0,0.0,0.0,0.0,0.0,0.0,0.0,0.0,0.0,116.77,-28.18,24.72
1752552211807,1.0,0.0,0.0,0.0,0.0,0.0,9.81,0.0,0.0,0.0,0.0,0.0,0.0,0.0,0.0,0.0,346.02,10.91,-12.93
1752552222406,1.0,0.0,0.0,0.0,0.0,0.0,9.81,0.0,0.0,0.0,0.0,0.0,0.0,0.0,0.0,0.0,0.0,0.0,0.0
1752552222507,1.0,0.0,0.0,0.0,0.0,0.0,9.81,0.0,0.0,0.0,0.0,0.0,0.0,0.0,0.0,0.0,315.27,-22.23,-9.89
1752552236407,1.0,0.0,0.0,0.0,0.0,0.0,9.81,0.0,0.0,0.0,0.0,0.0,0.0,0.0,0.0,0.0,0.0,0.0,0.0
1752552239006,1.0,0.0,0.0,0.0,0.0,0.0,9.81,0.0,0.0,0.0,0.0,0.0,0.0,0.0,0.0,0.0,73.23,5.42,-1.72
1752552240006,1.0,0.0,0.0,0.0,0.0,0.0,9.81,0.0,0.0,0.0,0.0,0.0,0.0,0.0,0.0,0.0,110.74,-14.86,-15.5
1752552240106,1.0,0.0,0.0,0.0,0.0,0.0,9.81,0.0,0.0,0.0,0.0,0.0,0.0,0.0,0.0,0.0,113.73,-16.65,-16.65
1752552240406,1.0,0.0,0.0,0.0,0.0,0.0,9.81,0.0,0.0,0.0,0.0,0.0,0.0,0.0,0.0,0.0,121.64,-21.49,-19.72
1752552241009,1.0,0.0,0.0,0.0,0.0,0.0,9.81,0.0,0.0,0.0,0.0,0.0,0.0,0.0,0.0,0.0,132.16,-28.16,-23.87
1752552251406,1.0,0.0,0.0,0.0,0.0,0.0,9.81,0.0,0.0,0.0,0.0,0.0,0.0,0.0,0.0,0.0,66.03,-23.98,-23.52
1752552251606,1.0,0.0,0.0,0.0,0.0,0.0,9.81,0.0,0.0,0.0,0.0,0.0,0.0,0.0,0.0,0.0,74.66,-21.24,-24.37
1752552251807,1.0,0.0,0.0,0.0,0.0,0.0,9.81,0.0,0.0,0.0,0.0,0.0,0.0,0.0,0.0,0.0,83.0,-18.07,-24.86
1752552251907,1.0,0.0,0.0,0.0,0.0,0.0,9.81,0.0,0.0,0.0,0.0,0.0,0.0,0.0,0.0,0.0,87.03,-16.35,-24.97
1752552252007,1.0,0.0,0.0,0.0,0.0,0.0,9.81,0.0,0.0,0.0,0.0,0.0,0.0,0.0,0.0,0.0,90.95,-14.55,-25.0
1752552252208,1.0,0.0,0.0,0.0,0.0,0.0,9.81,0.0,0.0,0.0,0.0,0.0,0.0,0.0,0.0,0.0,98.45,-10.75,-24.77
1752552252309,1.0,0.0,0.0,0.0,0.0,0.0,9.81,0.0,0.0,0.0,0.0,0.0,0.0,0.0,0.0,0.0,100.0,-8.76,-24.53
1752552252410,1.0,0.0,0.0,0.0,0.0,0.0,9.81,0.0,0.0,0.0,0.0,0.0,0.0,0.0,0.0,0.0,105.41,-6.74,-24.19
1752552253306,1.0,0.0,0.0,0.0,0.0,0.0,9.81,0.0,0.0,0.0,0.0,0.0,0.0,0.0,0.0,0.0,128.41,11.78,-17.51
1752552253506,1.0,0.0,0.0,0.0,0.0,0.0,9.81,0.0,0.0,0.0,0.0,0.0,0.0,0.0,0.0,0.0,131.37,15.52,-15.25
1752552254307,1.0,0.0,0.0,0.0,0.0,0.0,9.81,0.0,0.0,0.0,0.0,0.0,0.0,0.0,0.0,0.0,134.4,26.78,-4.38
1752552254511,1.0,0.0,0.0,0.0,0.0,0.0,9.81,0.0,0.0,0.0,0.0,0.0,0.0,0.0,0.0,0.0,132.93,28.41,-1.4
1752552254811,1.0,0.0,0.0,0.0,0.0,0.0,9.81,0.0,0.0,0.0,0.0,0.0,0.0,0.0,0.0,0.0,129.07,29.79,3.09
1752552254911,1.0,0.0,0.0,0.0,0.0,0.0,9.81,0.0,0.0,0.0,0.0,0.0,0.0,0.0,0.0,0.0,127.36,29.97,4.7
1752552256506,1.0,0.0,0.0,0.0,0.0,0.0,9.81,0.0,0.0,0.0,0.0,0.0,0.0,0.0,0.0,0.0,76.35,14.33,22.76
1752552256606,1.0,0.0,0.0,0.0,0.0,0.0,9.81,0.0,0.0,0.0,0.0,0.0,0.0,0.0,0.0,0.0,72.09,12.45,23.34
1752552256706,1.0,0.0,0.0,0.0,0.0,0.0,9.81,0.0,0.0,0.0,0.0,0.0,0.0,0.0,0.0,0.0,67.77,10.51,23.83
1752552256806,1.0,0.0,0.0,0.0,0.0,0.0,9.81,0.0,0.0,0.0,0.0,0.0,0.0,0.0,0.0,0.0,63.39,8.52,24.24
1752552256906,1.0,0.0,0.0,0.0,0.0,0.0,9.81,0.0,0.0,0.0,0.0,0.0,0.0,0.0,0.0,0.0,58.96,6.49,24.56
1752552257006,1.0,0.0,0.0,0.0,0.0,0.0,9.81,0.0,0.0,0.0,0.0,0.0,0.0,0.0,0.0,0.0,54.5,4.43,24.8
1752552257106,1.0,0.0,0.0,0.0,0.0,0.0,9.81,0.0,0.0,0.0,0.0,0.0,0.0,0.0,0.0,0.0,50.01,2.34,24.94
1752552257206,1.0,0.0,0.0,0.0,0.0,0.0,9.81,0.0,0.0,0.0,0.0,0.0,0.0,0.0,0.0,0.0,45.52,0.24,25.0
1752552257306,1.0,0.0,0.0,0.0,0.0,0.0,9.81,0.0,0.0,0.0,0.0,0.0,0.0,0.0,0.0,0.0,41.02,-1.86,24.96
1752552257406,1.0,0.0,0.0,0.0,0.0,0.0,9.81,0.0,0.0,0.0,0.0,0.0,0.0,0.0,0.0,0.0,36.53,-3.95,24.84
1752552259812,1.0,0.0,0.0,0.0,0.0,0.0,9.81,0.0,0.0,0.0,0.0,0.0,0.0,0.0,0.0,0.0,318.42,-29.13,0.44
1752552260306,1.0,0.0,0.0,0.0,0.0,0.0,9.81,0.0,0.0,0.0,0.0,0.0,0.0,0.0,0.0,0.0,315.03,-24.91,-6.96
1752552260709,1.0,0.0,0.0,0.0,0.0,0.0,9.81,0.0,0.0,0.0,0.0,0.0,0.0,0.0,0.0,0.0,316.35,-19.32,-12.47
1752552260910,1.0,0.0,0.0,0.0,0.0,0.0,9.81,0.0,0.0,0.0,0.0,0.0,0.0,0.0,0.0,0.0,318.34,-15.93,-14.98
1752552261010,1.0,0.0,0.0,0.0,0.0,0.0,9.81,0.0,0.0,0.0,0.0,0.0,0.0,0.0,0.0,0.0,319.67,-14.11,-16.15
1752552261110,1.0,0.0,0.0,0.0,0.0,0.0,9.81,0.0,0.0,0.0,0.0,0.0,0.0,0.0,0.0,0.0,321.2,-12.22,-17.26
1752552261410,1.0,0.0,0.0,0.0,0.0,0.0,9.81,0.0,0.0,0.0,0.0,0.0,0.0,0.0,0.0,0.0,327.05,-6.24,-20.22
1752552262321,1.0,0.0,0.0,0.0,0.0,0.0,9.81,0.0,0.0,0.0,0.0,0.0,0.0,0.0,0.0,0.0,354.38,12.24,-24.9
1752552262710,1.0,0.0,0.0,0.0,0.0,0.0,9.81,0.0,0.0,0.0,0.0,0.0,0.0,0.0,0.0,0.0,10.17,19.33,-24.71
1752552262806,1.0,0.0,0.0,0.0,0.0,0.0,9.81,0.0,0.0,0.0,0.0,0.0,0.0,0.0,0.0,0.0,14.36,20.89,-24.44
1752552262906,1.0,0.0,0.0,0.0,0.0,0.0,9.81,0.0,0.0,0.0,0.0,0.0,0.0,0.0,0.0,0.0,18.63,2.3,-24.08
1752552264910,1.0,0.0,0.0,0.0,0.0,0.0,9.81,0.0,0.0,0.0,0.0,0.0,0.0,0.0,0.0,0.0,0.0,0.0,0.0
1752552266011,1.0,0.0,0.0,0.0,0.0,0.0,9.81,0.0,0.0,0.0,0.0,0.0,0.0,0.0,0.0,0.0,0.0,0.0,0.0
1752552266606,1.0,0.0,0.0,0.0,0.0,0.0,9.81,0.0,0.0,0.0,0.0,0.0,0.0,0.0,0.0,0.0,0.0,0.0,0.0
1752552266806,1.0,0.0,0.0,0.0,0.0,0.0,9.81,0.0,0.0,0.0,0.0,0.0,0.0,0.0,0.0,0.0,134.7,-12.47,21.57
1752552266906,1.0,0.0,0.0,0.0,0.0,0.0,9.81,0.0,0.0,0.0,0.0,0.0,0.0,0.0,0.0,0.0,134.22,-14.35,22.29
1752552267006,1.0,0.0,0.0,0.0,0.0,0.0,9.81,0.0,0.0,0.0,0.0,0.0,0.0,0.0,0.0,0.0,133.52,-16.16,22.93
1752552267106,1.0,0.0,0.0,0.0,0.0,0.0,9.81,0.0,0.0,0.0,0.0,0.0,0.0,0.0,0.0,0.0,132.59,-17.89,23.48
1752552267206,1.0,0.0,0.0,0.0,0.0,0.0,9.81,0.0,0.0,0.0,0.0,0.0,0.0,0.0,0.0,0.0,131.45,-19.53,23.96
1752552267311,1.0,0.0,0.0,0.0,0.0,0.0,9.81,0.0,0.0,0.0,0.0,0.0,0.0,0.0,0.0,0.0,130.09,-21.07,24.34
1752552267805,1.0,0.0,0.0,0.0,0.0,0.0,9.81,0.0,0.0,0.0,0.0,0.0,0.0,0.0,0.0,0.0,120.19,-27.12,24.94
1752552267906,1.0,0.0,0.0,0.0,0.0,0.0,9.81,0.0,0.0,0.0,0.0,0.0,0.0,0.0,0.0,0.0,117.62,-27.95,24.79
1752552268108,1.0,0.0,0.0,0.0,0.0,0.0,9.81,0.0,0.0,0.0,0.0,0.0,0.0,0.0,0.0,0.0,111.95,-29.2,24.22
1752552268508,1.0,0.0,0.0,0.0,0.0,0.0,9.81,0.0,0.0,0.0,0.0,0.0,0.0,0.0,0.0,0.0,0.0,0.0,0.0
1752552268912,1.0,0.0,0.0,0.0,0.0,0.0,9.81,0.0,0.0,0.0,0.0,0.0,0.0,0.0,0.0,0.0,83.25,-28.4,18.63
1752552269008,1.0,0.0,0.0,0.0,0.0,0.0,9.81,0.0,0.0,0.0,0.0,0.0,0.0,0.0,0.0,0.0,79.13,-27.66,17.6
1752552269907,1.0,0.0,0.0,0.0,0.0,0.0,9.81,0.0,0.0,0.0,0.0,0.0,0.0,0.0,0.0,0.0,39.51,-15.5,5.96
1752552270506,1.0,0.0,0.0,0.0,0.0,0.0,9.81,0.0,0.0,0.0,0.0,0.0,0.0,0.0,0.0,0.0,13.21,-3.68,-2.97
1752552272705,1.0,0.0,0.0,0.0,0.0,0.0,9.81,0.0,0.0,0.0,0.0,0.0,0.0,0.0,0.0,0.0,315.54,29.65,-24.78
1752552272907,1.0,0.0,0.0,0.0,0.0,0.0,9.81,0.0,0.0,0.0,0.0,0.0,0.0,0.0,0.0,0.0,315.0,30.0,-25.0
1752552273009,1.0,0.0,0.0,0.0,0.0,0.0,9.81,0.0,0.0,0.0,0.0,0.0,0.0,0.0,0.0,0.0,315.07,29.95,-24.97
1752552276310,1.0,0.0,0.0,0.0,0.0,0.0,9.81,0.0,0.0,0.0,0.0,0.0,0.0,0.0,0.0,0.0,55.73,-21.43,11.04
1752552276505,1.0,0.0,0.0,0.0,0.0,0.0,9.81,0.0,0.0,0.0,0.0,0.0,0.0,0.0,0.0,0.0,64.59,-24.15,13.65
1752552276906,1.0,0.0,0.0,0.0,0.0,0.0,9.81,0.0,0.0,0.0,0.0,0.0,0.0,0.0,0.0,0.0,81.66,-28.13,18.24
1752552278712,1.0,0.0,0.0,0.0,0.0,0.0,9.81,0.0,0.0,0.0,0.0,0.0,0.0,0.0,0.0,0.0,0.0,0.0,0.0
1752552280215,1.0,0.0,0.0,0.0,0.0,0.0,9.81,0.0,0.0,0.0,0.0,0.0,0.0,0.0,0.0,0.0,0.0,0.0,0.0
1752552282711,1.0,0.0,0.0,0.0,0.0,0.0,9.81,0.0,0.0,0.0,0.0,0.0,0.0,0.0,0.0,0.0,0.0,0.0,0.0
1752552282911,1.0,0.0,0.0,0.0,0.0,0.0,9.81,0.0,0.0,0.0,0.0,0.0,0.0,0.0,0.0,0.0,20.31,22.1,0.04
1752552283206,1.0,0.0,0.0,0.0,0.0,0.0,9.81,0.0,0.0,0.0,0.0,0.0,0.0,0.0,0.0,0.0,0.0,0.0,0.0
1752552283644,1.0,0.0,0.0,0.0,0.0,0.0,9.81,0.0,0.0,0.0,0.0,0.0,0.0,0.0,0.0,0.0,0.0,0.0,0.0
1752552283808,1.0,0.0,0.0,0.0,0.0,0.0,9.81,0.0,0.0,0.0,0.0,0.0,0.0,0.0,0.0,0.0,345.12,7.06,-24.25
1752552283912,1.0,0.0,0.0,0.0,0.0,0.0,9.81,0.0,0.0,0.0,0.0,0.0,0.0,0.0,0.0,0.0,341.84,5.0,-23.85
1752552285205,1.0,0.0,0.0,0.0,0.0,0.0,9.81,0.0,0.0,0.0,0.0,0.0,0.0,0.0,0.0,0.0,315.92,-20.28,-11.67
1752552285305,1.0,0.0,0.0,0.0,0.0,0.0,9.81,0.0,0.0,0.0,0.0,0.0,0.0,0.0,0.0,0.0,315.39,-21.78,-10.32
1752552285405,1.0,0.0,0.0,0.0,0.0,0.0,9.81,0.0,0.0,0.0,0.0,0.0,0.0,0.0,0.0,0.0,315.08,-23.17,-8.94
1752552285505,1.0,0.0,0.0,0.0,0.0,0.0,9.81,0.0,0.0,0.0,0.0,0.0,0.0,0.0,0.0,0.0,315.0,-24.44,-7.52
1752552285606,1.0,0.0,0.0,0.0,0.0,0.0,9.81,0.0,0.0,0.0,0.0,0.0,0.0,0.0,0.0,0.0,315.15,-25.6,-6.08
1752552285806,1.0,0.0,0.0,0.0,0.0,0.0,9.81,0.0,0.0,0.0,0.0,0.0,0.0,0.0,0.0,0.0,316.11,-27.53,-3.13
1752552286108,1.0,0.0,0.0,0.0,0.0,0.0,9.81,0.0,0.0,0.0,0.0,0.0,0.0,0.0,0.0,0.0,319.21,-29.41,1.36
1752552286309,1.0,0.0,0.0,0.0,0.0,0.0,9.81,0.0,0.0,0.0,0.0,0.0,0.0,0.0,0.0,0.0,322.36,-29.95,4.34
1752552286710,1.0,0.0,0.0,0.0,0.0,0.0,9.81,0.0,0.0,0.0,0.0,0.0,0.0,0.0,0.0,0.0,331.08,-29.27,10.06
1752552287956,1.0,0.0,0.0,0.0,0.0,0.0,9.81,0.0,0.0,0.0,0.0,0.0,0.0,0.0,0.0,0.0,12.98,-14.62,22.66
1752552288006,1.0,0.0,0.0,0.0,0.0,0.0,9.81,0.0,0.0,0.0,0.0,0.0,0.0,0.0,0.0,0.0,17.23,-12.76,23.25
1752552288106,1.0,0.0,0.0,0.0,0.0,0.0,9.81,0.0,0.0,0.0,0.0,0.0,0.0,0.0,0.0,0.0,21.54,-10.83,23.76
1752552288905,1.0,0.0,0.0,0.0,0.0,0.0,9.81,0.0,0.0,0.0,0.0,0.0,0.0,0.0,0.0,0.0,0.0,0.0,0.0
1752552289006,1.0,0.0,0.0,0.0,0.0,0.0,9.81,0.0,0.0,0.0,0.0,0.0,0.0,0.0,0.0,0.0,61.67,7.74,24.38
1752552289107,1.0,0.0,0.0,0.0,0.0,0.0,9.81,0.0,0.0,0.0,0.0,0.0,0.0,0.0,0.0,0.0,66.07,9.74,24.0
1752552289208,1.0,0.0,0.0,0.0,0.0,0.0,9.81,0.0,0.0,0.0,0.0,0.0,0.0,0.0,0.0,0.0,70.42,11.7,23.54
1752552289309,1.0,0.0,0.0,0.0,0.0,0.0,9.81,0.0,0.0,0.0,0.0,0.0,0.0,0.0,0.0,0.0,74.7,13.61,22.99
1752552289410,1.0,0.0,0.0,0.0,0.0,0.0,9.81,0.0,0.0,0.0,0.0,0.0,0.0,0.0,0.0,0.0,78.91,15.45,22.36
1752552289510,1.0,0.0,0.0,0.0,0.0,0.0,9.81,0.0,0.0,0.0,0.0,0.0,0.0,0.0,0.0,0.0,83.03,17.21,21.65
1752552289611,1.0,0.0,0.0,0.0,0.0,0.0,9.81,0.0,0.0,0.0,0.0,0.0,0.0,0.0,0.0,0.0,0.0,0.0,0.0
1752552289905,1.0,0.0,0.0,0.0,0.0,0.0,9.81,0.0,0.0,0.0,0.0,0.0,0.0,0.0,0.0,0.0,98.48,23.33,18.06
1752552290107,1.0,0.0,0.0,0.0,0.0,0.0,9.81,0.0,0.0,0.0,0.0,0.0,0.0,0.0,0.0,0.0,105.44,25.73,15.86
1752552290617,1.0,0.0,0.0,0.0,0.0,0.0,9.81,0.0,0.0,0.0,0.0,0.0,0.0,0.0,0.0,0.0,0.0,0.0,0.0
1752552290906,1.0,0.0,0.0,0.0,0.0,0.0,9.81,0.0,0.0,0.0,0.0,0.0,0.0,0.0,0.0,0.0,126.64,29.99,5.1
1752552351708,1.0,0.0,0.0,0.0,0.0,0.0,9.81,0.0,0.0,0.0,0.0,0.0,0.0,0.0,0.0,0.0,55.81,5.03,24.74
1752552352008,1.0,0.0,0.0,0.0,0.0,0.0,9.81,0.0,0.0,0.0,0.0,0.0,0.0,0.0,0.0,0.0,0.0,0.0,0.0
1752552437705,1.0,0.0,0.0,0.0,0.0,0.0,9.81,0.0,0.0,0.0,0.0,0.0,0.0,0.0,0.0,0.0,336.68,-18.82,2.29
1752552437805,1.0,0.0,0.0,0.0,0.0,0.0,9.81,0.0,0.0,0.0,0.0,0.0,0.0,0.0,0.0,0.0,339.69,-20.41,0.8
1752552438005,1.0,0.0,0.0,0.0,0.0,0.0,9.81,0.0,0.0,0.0,0.0,0.0,0.0,0.0,0.0,0.0,346.2,-23.28,-2.2
1752552553076,1.0,0.0,0.0,0.0,0.0,0.0,9.81,0.0,0.0,0.0,0.0,0.0,0.0,0.0,0.0,0.0,319.36,-3.69,13.44
1752552553176,1.0,0.0,0.0,0.0,0.0,0.0,9.81,0.0,0.0,0.0,0.0,0.0,0.0,0.0,0.0,0.0,318.08,-1.59,14.68
1752552553276,1.0,0.0,0.0,0.0,0.0,0.0,9.81,0.0,0.0,0.0,0.0,0.0,0.0,0.0,0.0,0.0,317.02,0.5,15.87
1752552553376,1.0,0.0,0.0,0.0,0.0,0.0,9.81,0.0,0.0,0.0,0.0,0.0,0.0,0.0,0.0,0.0,316.18,2.6,17.0
1752552553476,1.0,0.0,0.0,0.0,0.0,0.0,9.81,0.0,0.0,0.0,0.0,0.0,0.0,0.0,0.0,0.0,315.57,4.69,18.07
1752552553577,1.0,0.0,0.0,0.0,0.0,0.0,9.81,0.0,0.0,0.0,0.0,0.0,0.0,0.0,0.0,0.0,315.18,6.75,19.07
1752552553677,1.0,0.0,0.0,0.0,0.0,0.0,9.81,0.0,0.0,0.0,0.0,0.0,0.0,0.0,0.0,0.0,315.01,8.77,20.0
1752552553778,1.0,0.0,0.0,0.0,0.0,0.0,9.81,0.0,0.0,0.0,0.0,0.0,0.0,0.0,0.0,0.0,315.06,10.76,20.87
1752552553879,1.0,0.0,0.0,0.0,0.0,0.0,9.81,0.0,0.0,0.0,0.0,0.0,0.0,0.0,0.0,0.0,315.35,12.69,21.66
1752552679977,1.0,0.0,0.0,0.0,0.0,0.0,9.81,0.0,0.0,0.0,0.0,0.0,0.0,0.0,0.0,0.0,319.17,20.28,24.1
1752552680077,1.0,0.0,0.0,0.0,0.0,0.0,9.81,0.0,0.0,0.0,0.0,0.0,0.0,0.0,0.0,0.0,320.64,21.77,24.49
1752552680177,1.0,0.0,0.0,0.0,0.0,0.0,9.81,0.0,0.0,0.0,0.0,0.0,0.0,0.0,0.0,0.0,322.31,23.16,24.75
1752552680975,1.0,0.0,0.0,0.0,0.0,0.0,9.81,0.0,0.0,0.0,0.0,0.0,0.0,0.0,0.0,0.0,342.67,29.75,23.58
1752552681373,1.0,0.0,0.0,0.0,0.0,0.0,9.81,0.0,0.0,0.0,0.0,0.0,0.0,0.0,0.0,0.0,356.81,29.66,20.93
1752552681473,1.0,0.0,0.0,0.0,0.0,0.0,9.81,0.0,0.0,0.0,0.0,0.0,0.0,0.0,0.0,0.0,0.67,29.27,20.07
1752552687772,1.0,0.0,0.0,0.0,0.0,0.0,9.81,0.0,0.0,0.0,0.0,0.0,0.0,0.0,0.0,0.0,0.0,0.0,0.0
1752552687872,1.0,0.0,0.0,0.0,0.0,0.0,9.81,0.0,0.0,0.0,0.0,0.0,0.0,0.0,0.0,0.0,84.68,-0.33,-5.79
1752552687972,1.0,0.0,0.0,0.0,0.0,0.0,9.81,0.0,0.0,0.0,0.0,0.0,0.0,0.0,0.0,0.0,80.6,1.77,-4.32
1752552688072,1.0,0.0,0.0,0.0,0.0,0.0,9.81,0.0,0.0,0.0,0.0,0.0,0.0,0.0,0.0,0.0,76.42,3.86,-2.84
1752552688474,1.0,0.0,0.0,0.0,0.0,0.0,9.81,0.0,0.0,0.0,0.0,0.0,0.0,0.0,0.0,0.0,59.04,11.93,3.15
1752552692672,1.0,0.0,0.0,0.0,0.0,0.0,9.81,0.0,0.0,0.0,0.0,0.0,0.0,0.0,0.0,0.0,0.0,0.0,0.0
1752552692872,1.0,0.0,0.0,0.0,0.0,0.0,9.81,0.0,0.0,0.0,0.0,0.0,0.0,0.0,0.0,0.0,324.86,-10.21,9.17
1752552692973,1.0,0.0,0.0,0.0,0.0,0.0,9.81,0.0,0.0,0.0,0.0,0.0,0.0,0.0,0.0,0.0,327.01,-12.16,7.75
1752552693173,1.0,0.0,0.0,0.0,0.0,0.0,9.81,0.0,0.0,0.0,0.0,0.0,0.0,0.0,0.0,0.0,331.89,-15.87,4.85
1752552693273,1.0,0.0,0.0,0.0,0.0,0.0,9.81,0.0,0.0,0.0,0.0,0.0,0.0,0.0,0.0,0.0,334.6,-17.61,3.37
1752552693375,1.0,0.0,0.0,0.0,0.0,0.0,9.81,0.0,0.0,0.0,0.0,0.0,0.0,0.0,0.0,0.0,337.49,-19.27,1.88
1752552695472,1.0,0.0,0.0,0.0,0.0,0.0,9.81,0.0,0.0,0.0,0.0,0.0,0.0,0.0,0.0,0.0,0.0,0.0,0.0
1752552695572,1.0,0.0,0.0,0.0,0.0,0.0,9.81,0.0,0.0,0.0,0.0,0.0,0.0,0.0,0.0,0.0,67.42,-23.58,-23.68
1752552695672,1.0,0.0,0.0,0.0,0.0,0.0,9.81,0.0,0.0,0.0,0.0,0.0,0.0,0.0,0.0,0.0,71.75,-22.22,-24.12
1752552695774,1.0,0.0,0.0,0.0,0.0,0.0,9.81,0.0,0.0,0.0,0.0,0.0,0.0,0.0,0.0,0.0,76.01,-20.76,-24.47
1752552695874,1.0,0.0,0.0,0.0,0.0,0.0,9.81,0.0,0.0,0.0,0.0,0.0,0.0,0.0,0.0,0.0,80.2,-19.19,-24.73
1752552702677,1.0,0.0,0.0,0.0,0.0,0.0,9.81,0.0,0.0,0.0,0.0,0.0,0.0,0.0,0.0,0.0,0.0,0.0,0.0
1752552703473,1.0,0.0,0.0,0.0,0.0,0.0,9.81,0.0,0.0,0.0,0.0,0.0,0.0,0.0,0.0,0.0,0.0,0.0,0.0
1752552703773,1.0,0.0,0.0,0.0,0.0,0.0,9.81,0.0,0.0,0.0,0.0,0.0,0.0,0.0,0.0,0.0,320.79,-29.77,2.96
1752552703974,1.0,0.0,0.0,0.0,0.0,0.0,9.81,0.0,0.0,0.0,0.0,0.0,0.0,0.0,0.0,0.0,318.04,-28.96,-0.04
1752552704074,1.0,0.0,0.0,0.0,0.0,0.0,9.81,0.0,0.0,0.0,0.0,0.0,0.0,0.0,0.0,0.0,316.99,-28.35,-1.53
1752552704174,1.0,0.0,0.0,0.0,0.0,0.0,9.81,0.0,0.0,0.0,0.0,0.0,0.0,0.0,0.0,0.0,316.16,-27.59,-3.03
1752552704274,1.0,0.0,0.0,0.0,0.0,0.0,9.81,0.0,0.0,0.0,0.0,0.0,0.0,0.0,0.0,0.0,315.55,-26.7,-4.51
1752552704576,1.0,0.0,0.0,0.0,0.0,0.0,9.81,0.0,0.0,0.0,0.0,0.0,0.0,0.0,0.0,0.0,0.0,0.0,0.0
1752552707472,1.0,0.0,0.0,0.0,0.0,0.0,9.81,0.0,0.0,0.0,0.0,0.0,0.0,0.0,0.0,0.0,37.68,27.29,-21.56
1752552707572,1.0,0.0,0.0,0.0,0.0,0.0,9.81,0.0,0.0,0.0,0.0,0.0,0.0,0.0,0.0,0.0,42.17,28.1,-20.76
1752552707672,1.0,0.0,0.0,0.0,0.0,0.0,9.81,0.0,0.0,0.0,0.0,0.0,0.0,0.0,0.0,0.0,46.67,28.76,-19.89
1752552707975,1.0,0.0,0.0,0.0,0.0,0.0,9.81,0.0,0.0,0.0,0.0,0.0,0.0,0.0,0.0,0.0,60.1,29.91,-16.86
1752552708176,1.0,0.0,0.0,0.0,0.0,0.0,9.81,0.0,0.0,0.0,0.0,0.0,0.0,0.0,0.0,0.0,68.88,29.94,-14.53
1752552708376,1.0,0.0,0.0,0.0,0.0,0.0,9.81,0.0,0.0,0.0,0.0,0.0,0.0,0.0,0.0,0.0,77.43,29.39,-11.99
1752552709183,1.0,0.0,0.0,0.0,0.0,0.0,9.81,0.0,0.0,0.0,0.0,0.0,0.0,0.0,0.0,0.0,0.0,0.0,0.0
1752552709372,1.0,0.0,0.0,0.0,0.0,0.0,9.81,0.0,0.0,0.0,0.0,0.0,0.0,0.0,0.0,0.0,113.71,18.6,2.49
1752552709472,1.0,0.0,0.0,0.0,0.0,0.0,9.81,0.0,0.0,0.0,0.0,0.0,0.0,0.0,0.0,0.0,116.53,16.91,3.98
1752552709573,1.0,0.0,0.0,0.0,0.0,0.0,9.81,0.0,0.0,0.0,0.0,0.0,0.0,0.0,0.0,0.0,119.17,15.14,5.45
1752552709774,1.0,0.0,0.0,0.0,0.0,0.0,9.81,0.0,0.0,0.0,0.0,0.0,0.0,0.0,0.0,0.0,123.89,11.38,8.33
1752552710072,1.0,0.0,0.0,0.0,0.0,0.0,9.81,0.0,0.0,0.0,0.0,0.0,0.0,0.0,0.0,0.0,129.48,5.34,12.42
1752552710472,1.0,0.0,0.0,0.0,0.0,0.0,9.81,0.0,0.0,0.0,0.0,0.0,0.0,0.0,0.0,0.0,133.96,-3.03,17.22
1752552711475,1.0,0.0,0.0,0.0,0.0,0.0,9.81,0.0,0.0,0.0,0.0,0.0,0.0,0.0,0.0,0.0,129.61,-21.54,24.45
1752552712382,1.0,0.0,0.0,0.0,0.0,0.0,9.81,0.0,0.0,0.0,0.0,0.0,0.0,0.0,0.0,0.0,0.0,0.0,0.0
1752552713072,1.0,0.0,0.0,0.0,0.0,0.0,9.81,0.0,0.0,0.0,0.0,0.0,0.0,0.0,0.0,0.0,0.0,0.0,0.0
1752552713172,1.0,0.0,0.0,0.0,0.0,0.0,9.81,0.0,0.0,0.0,0.0,0.0,0.0,0.0,0.0,0.0,77.8,-27.39,17.25
1752552713572,1.0,0.0,0.0,0.0,0.0,0.0,9.81,0.0,0.0,0.0,0.0,0.0,0.0,0.0,0.0,0.0,0.0,0.0,0.0
1752552714372,1.0,0.0,0.0,0.0,0.0,0.0,9.81,0.0,0.0,0.0,0.0,0.0,0.0,0.0,0.0,0.0,24.74,-9.17,1.04
1752552714479,1.0,0.0,0.0,0.0,0.0,0.0,9.81,0.0,0.0,0.0,0.0,0.0,0.0,0.0,0.0,0.0,20.39,-7.15,-0.46
1752552714572,1.0,0.0,0.0,0.0,0.0,0.0,9.81,0.0,0.0,0.0,0.0,0.0,0.0,0.0,0.0,0.0,16.09,-5.09,-1.95
1752552714772,1.0,0.0,0.0,0.0,0.0,0.0,9.81,0.0,0.0,0.0,0.0,0.0,0.0,0.0,0.0,0.0,7.73,-0.92,-4.92
1752552714973,1.0,0.0,0.0,0.0,0.0,0.0,9.81,0.0,0.0,0.0,0.0,0.0,0.0,0.0,0.0,0.0,359.74,3.28,-7.82
1752552715073,1.0,0.0,0.0,0.0,0.0,0.0,9.81,0.0,0.0,0.0,0.0,0.0,0.0,0.0,0.0,0.0,355.9,536.0,-9.23
1752552715174,1.0,0.0,0.0,0.0,0.0,0.0,9.81,0.0,0.0,0.0,0.0,0.0,0.0,0.0,0.0,0.0,352.2,7.41,-10.61
1752552715274,1.0,0.0,0.0,0.0,0.0,0.0,9.81,0.0,0.0,0.0,0.0,0.0,0.0,0.0,0.0,0.0,348.62,9.42,-11.95
1752552715374,1.0,0.0,0.0,0.0,0.0,0.0,9.81,0.0,0.0,0.0,0.0,0.0,0.0,0.0,0.0,0.0,345.18,11.39,-13.24
1752552717174,1.0,0.0,0.0,0.0,0.0,0.0,9.81,0.0,0.0,0.0,0.0,0.0,0.0,0.0,0.0,0.0,0.0,0.0,0.0
1752552717871,1.0,0.0,0.0,0.0,0.0,0.0,9.81,0.0,0.0,0.0,0.0,0.0,0.0,0.0,0.0,0.0,322.32,25.28,-22.09
1752552717972,1.0,0.0,0.0,0.0,0.0,0.0,9.81,0.0,0.0,0.0,0.0,0.0,0.0,0.0,0.0,0.0,324.2,24.09,-21.35
1752552718071,1.0,0.0,0.0,0.0,0.0,0.0,9.81,0.0,0.0,0.0,0.0,0.0,0.0,0.0,0.0,0.0,326.29,22.78,-20.53
1752552722480,1.0,0.0,0.0,0.0,0.0,0.0,9.81,0.0,0.0,0.0,0.0,0.0,0.0,0.0,0.0,0.0,0.0,0.0,0.0
1752552723685,1.0,0.0,0.0,0.0,0.0,0.0,9.81,0.0,0.0,0.0,0.0,0.0,0.0,0.0,0.0,0.0,0.0,0.0,0.0
1752552723883,1.0,0.0,0.0,0.0,0.0,0.0,9.81,0.0,0.0,0.0,0.0,0.0,0.0,0.0,0.0,0.0,0.0,0.0,0.0
1752552724071,1.0,0.0,0.0,0.0,0.0,0.0,9.81,0.0,0.0,0.0,0.0,0.0,0.0,0.0,0.0,0.0,129.08,5.85,12.09
1752552724171,1.0,0.0,0.0,0.0,0.0,0.0,9.81,0.0,0.0,0.0,0.0,0.0,0.0,0.0,0.0,0.0,127.37,7.89,10.76
1752552725574,1.0,0.0,0.0,0.0,0.0,0.0,9.81,0.0,0.0,0.0,0.0,0.0,0.0,0.0,0.0,0.0,84.65,28.43,-9.62
1752552725774,1.0,0.0,0.0,0.0,0.0,0.0,9.81,0.0,0.0,0.0,0.0,0.0,0.0,0.0,0.0,0.0,76.38,29.49,-12.31
1752552725976,1.0,0.0,0.0,0.0,0.0,0.0,9.81,0.0,0.0,0.0,0.0,0.0,0.0,0.0,0.0,0.0,67.81,29.97,-14.83
1752552726076,1.0,0.0,0.0,0.0,0.0,0.0,9.81,0.0,0.0,0.0,0.0,0.0,0.0,0.0,0.0,0.0,63.43,29.99,-16.01
1752552726276,1.0,0.0,0.0,0.0,0.0,0.0,9.81,0.0,0.0,0.0,0.0,0.0,0.0,0.0,0.0,0.0,54.54,29.59,-18.19
1752552726376,1.0,0.0,0.0,0.0,0.0,0.0,9.81,0.0,0.0,0.0,0.0,0.0,0.0,0.0,0.0,0.0,50.05,29.17,-19.19
1752552726676,1.0,0.0,0.0,0.0,0.0,0.0,9.81,0.0,0.0,0.0,0.0,0.0,0.0,0.0,0.0,0.0,36.57,27.07,-210.0
1752552730071,1.0,0.0,0.0,0.0,0.0,0.0,9.81,0.0,0.0,0.0,0.0,0.0,0.0,0.0,0.0,0.0,0.0,0.0,0.0
1752552730171,1.0,0.0,0.0,0.0,0.0,0.0,9.81,0.0,0.0,0.0,0.0,0.0,0.0,0.0,0.0,0.0,318.33,-29.1,0.34
1752552730271,1.0,0.0,0.0,0.0,0.0,0.0,9.81,0.0,0.0,0.0,0.0,0.0,0.0,0.0,0.0,0.0,319.65,-29.54,1.83
1752552730372,1.0,0.0,0.0,0.0,0.0,0.0,9.81,0.0,0.0,0.0,0.0,0.0,0.0,0.0,0.0,0.0,321.19,-29.83,3.33
1752552730572,1.0,0.0,0.0,0.0,0.0,0.0,9.81,0.0,0.0,0.0,0.0,0.0,0.0,0.0,0.0,0.0,324.88,-29.98,6.27
1752552732671,1.0,0.0,0.0,0.0,0.0,0.0,9.81,0.0,0.0,0.0,0.0,0.0,0.0,0.0,0.0,0.0,0.0,0.0,0.0
1752552732773,1.0,0.0,0.0,0.0,0.0,0.0,9.81,0.0,0.0,0.0,0.0,0.0,0.0,0.0,0.0,0.0,45.2,0.09,25.0
1752552732875,1.0,0.0,0.0,0.0,0.0,0.0,9.81,0.0,0.0,0.0,0.0,0.0,0.0,0.0,0.0,0.0,49.7,2.19,24.95
1752552733779,1.0,0.0,0.0,0.0,0.0,0.0,9.81,0.0,0.0,0.0,0.0,0.0,0.0,0.0,0.0,0.0,0.0,0.0,0.0
1752552734483,1.0,0.0,0.0,0.0,0.0,0.0,9.81,0.0,0.0,0.0,0.0,0.0,0.0,0.0,0.0,0.0,0.0,0.0,0.0
1752552735277,1.0,0.0,0.0,0.0,0.0,0.0,9.81,0.0,0.0,0.0,0.0,0.0,0.0,0.0,0.0,0.0,0.0,0.0,0.0
1752552934745,1.0,0.0,0.0,0.0,0.0,0.0,9.81,0.0,0.0,0.0,0.0,0.0,0.0,0.0,0.0,0.0,88.32,19.4,20.6
1752553628389,1.0,0.0,0.0,0.0,0.0,0.0,9.81,0.0,0.0,0.0,0.0,0.0,0.0,0.0,0.0,0.0,49.54,29.11,-19.3
1752553928631,1.0,0.0,0.0,0.0,0.0,0.0,9.81,0.0,0.0,0.0,0.0,0.0,0.0,0.0,0.0,0.0,135.0,24.34,-7.65
