timestamp,heading,roll,pitch,acc_x,acc_y,acc_z,lin_acc_x,lin_acc_y,lin_acc_z,quat_w,quat_x,quat_y,quat_z,mag_x,mag_y,mag_z
1752860599377,26.0,-63.0,154.0,-10.0,-4.0,-1.0,0.7,-1.0,-0.8,0.53,0.01,0.84,-0.12,0.0,0.0,0.0
1752860599377,21.0,-70.0,111.0,-8.0,-4.0,-3.0,-0.1,1.2,-1.1,0.65,-0.12,0.74,-0.12,0.0,0.0,0.0
1752860599377,19.0,-69.0,110.0,-8.0,-3.0,-3.0,0.8,0.6,-1.7,0.65,-0.13,0.74,-0.11,0.0,0.0,0.0
1752860599377,18.0,-67.0,102.0,-8.0,-4.0,-2.0,1.4,0.2,-1.3,0.67,-0.16,0.72,-0.11,0.0,0.0,0.0
1752860599377,18.0,-66.0,96.0,-7.0,-3.0,-1.0,1.4,0.7,-1.0,0.68,-0.19,0.7,-0.11,0.0,0.0,0.0
1752860599389,20.0,-57.0,85.0,-5.0,-7.0,1.0,3.5,-1.3,0.3,0.69,-0.21,0.68,-0.11,0.0,0.0,0.0
1752860599430,22.0,-54.0,83.0,-4.0,-9.0,2.0,3.5,-3.5,0.0,0.72,-0.29,0.62,-0.14,0.0,0.0,0.0
1752860599471,26.0,-50.0,83.0,-4.0,-11.0,1.0,3.3,-4.6,0.0,0.72,-0.3,0.61,-0.16,0.0,0.0,0.0
1752860599509,31.0,-48.0,81.0,-3.0,-8.0,0.0,4.6,-1.0,-0.5,0.71,-0.3,0.6,-0.19,0.0,0.0,0.0
1752860600211,47.0,-69.0,-180.0,-8.0,2.0,-4.0,1.5,2.3,-0.2,0.51,0.31,0.76,-0.23,0.0,0.0,0.0
1752860600257,47.0,-71.0,179.0,-8.0,2.0,-4.0,1.0,1.8,-0.4,0.53,0.33,0.75,-0.23,0.0,0.0,0.0
1752860600301,48.0,-72.0,177.0,-9.0,2.0,-4.0,0.6,1.8,-0.8,0.54,0.32,0.75,-0.24,0.0,0.0,0.0
1752860600452,43.0,-76.0,153.0,-10.0,1.0,-3.0,-0.2,2.1,-1.0,0.55,0.3,0.74,-0.24,0.0,0.0,0.0
1752860600537,40.0,-77.0,141.0,-10.0,-0.0,-2.0,-0.3,1.5,-0.3,0.6,0.16,0.75,-0.22,0.0,0.0,0.0
1752860600627,27.0,-73.0,109.0,-9.0,-2.0,-2.0,0.3,0.3,-1.2,0.62,0.1,0.75,-0.2,0.0,0.0,0.0
1752860600673,23.0,-71.0,102.0,-9.0,-4.0,-1.0,0.4,-0.4,-0.4,0.67,-0.08,0.73,-0.14,0.0,0.0,0.0
1752860600712,19.0,-69.0,96.0,-8.0,-3.0,-1.0,0.8,0.3,-0.8,0.68,-0.13,0.71,-0.11,0.0,0.0,0.0
1752860600750,16.0,-68.0,92.0,-9.0,-4.0,-2.0,0.0,0.0,0.0,0.69,-0.17,0.69,-0.1,0.0,0.0,0.0
1752860600792,13.0,-66.0,90.0,-9.0,-6.0,-1.0,0.0,0.0,0.0,0.7,-0.2,0.68,-0.09,0.0,0.0,0.0
1752860600934,6.0,-61.0,87.0,-7.0,-7.0,1.0,1.5,-2.0,0.5,0.7,-0.23,0.67,-0.07,0.0,0.0,0.0
1752860601190,357.0,-57.0,86.0,-8.0,-6.0,1.0,3.0,-1.9,-0.3,0.72,-0.33,0.61,-0.03,0.0,0.0,0.0
1752860601245,357.0,-57.0,86.0,-6.0,-7.0,1.0,1.5,-1.0,0.3,0.72,-0.4,0.57,0.02,0.0,0.0,0.0
1752860601269,357.0,-56.0,87.0,-6.0,-6.0,0.0,1.7,-0.6,0.1,0.72,-0.4,0.57,0.02,0.0,0.0,0.0
1752860601302,357.0,-56.0,88.0,-7.0,-6.0,0.0,1.1,-0.1,-0.0,0.71,-0.41,0.57,0.02,0.0,0.0,0.0
1752860601349,356.0,-56.0,89.0,-7.0,-5.0,-0.0,1.1,0.2,-0.2,0.71,-0.41,0.57,0.02,0.0,0.0,0.0
1752860601385,357.0,-56.0,91.0,-7.0,-5.0,-0.0,0.8,0.0,-0.0,0.7,-0.41,0.58,0.02,0.0,0.0,0.0
1752860601530,358.0,-56.0,99.0,-7.0,-5.0,-2.0,1.2,1.5,-0.8,0.7,-0.42,0.58,0.02,0.0,0.0,0.0
1752860601614,357.0,-56.0,103.0,-5.0,-5.0,-3.0,2.7,-0.0,-1.9,0.66,-0.43,0.61,0.02,0.0,0.0,0.0
1752860601654,356.0,-56.0,106.0,-5.0,-3.0,-2.0,2.7,2.4,-0.4,0.65,-0.44,0.62,0.02,0.0,0.0,0.0
1752860601694,356.0,-56.0,109.0,-5.0,-3.0,-3.0,3.3,1.9,-1.4,0.64,-0.43,0.63,0.02,0.0,0.0,0.0
1752860601945,349.0,-56.0,140.0,-9.0,-4.0,-4.0,-0.6,-0.2,0.1,0.63,-0.43,0.64,0.03,0.0,0.0,0.0
1752860602086,353.0,-51.0,150.0,-8.0,-3.0,-5.0,-0.9,0.0,0.4,0.48,-0.38,0.79,0.03,0.0,0.0,0.0
1752860602138,355.0,-49.0,152.0,-8.0,-4.0,-5.0,-0.9,-0.8,0.5,0.46,-0.37,0.81,0.02,0.0,0.0,0.0
1752860602173,356.0,-47.0,154.0,-8.0,-4.0,-6.0,-1.3,-0.5,0.3,0.44,-0.37,0.82,0.02,0.0,0.0,0.0
1752860602207,359.0,-45.0,154.0,-8.0,-3.0,-6.0,-1.1,-0.2,-0.2,0.43,-0.37,0.82,0.01,0.0,0.0,0.0
1752860602258,2.0,-43.0,154.0,-8.0,-3.0,-6.0,-1.1,0.0,0.2,0.42,-0.37,0.83,-0.0,0.0,0.0,0.0
1752860602293,4.0,-42.0,155.0,-7.0,-4.0,-6.0,-0.9,-0.5,0.8,0.41,-0.37,0.84,-0.01,0.0,0.0,0.0
1752860602343,6.0,-40.0,155.0,-7.0,-4.0,-6.0,-0.9,-0.7,0.6,0.39,-0.37,0.84,-0.02,0.0,0.0,0.0
1752860602593,310.0,-34.0,152.0,-6.0,-4.0,-7.0,-0.3,0.5,0.2,0.38,-0.37,0.85,-0.03,0.0,0.0,0.0
1752860602630,310.0,-33.0,151.0,-6.0,-3.0,-7.0,-0.3,0.7,0.1,0.36,-0.4,0.84,-0.07,0.0,0.0,0.0
1752860602681,309.0,-33.0,151.0,-6.0,-4.0,-7.0,-0.4,0.3,0.0,0.36,-0.4,0.84,-0.07,0.0,0.0,0.0
1752860602712,308.0,-33.0,150.0,-6.0,-4.0,-7.0,-0.4,0.2,-0.1,0.36,-0.41,0.84,-0.07,0.0,0.0,0.0
1752860602767,308.0,-32.0,151.0,-5.0,-4.0,-7.0,-0.1,0.1,-0.0,0.36,-0.41,0.84,-0.07,0.0,0.0,0.0
1752860603120,308.0,-32.0,151.0,-5.0,-4.0,-7.0,0.0,-0.3,0.3,0.35,-0.41,0.84,-0.07,0.0,0.0,0.0
1752860603163,312.0,-31.0,152.0,-5.0,-4.0,-7.0,0.1,0.0,0.3,0.34,-0.39,0.85,-0.08,0.0,0.0,0.0
1752860603312,312.0,-31.0,152.0,-5.0,-4.0,-7.0,-0.1,-0.1,0.3,0.34,-0.38,0.85,-0.09,0.0,0.0,0.0
1752860603412,316.0,-31.0,151.0,-5.0,-4.0,-7.0,-0.1,0.2,0.4,0.34,-0.35,0.87,-0.1,0.0,0.0,0.0
1752860603492,317.0,-31.0,151.0,-5.0,-4.0,-7.0,-0.1,0.3,0.1,0.34,-0.34,0.87,-0.1,0.0,0.0,0.0
1752860603557,318.0,-31.0,152.0,-5.0,-4.0,-8.0,-0.3,0.3,-0.1,0.34,-0.34,0.87,-0.1,0.0,0.0,0.0
1752860603805,323.0,-32.0,153.0,-5.0,-4.0,-7.0,0.5,-0.3,0.1,0.33,-0.31,0.88,-0.1,0.0,0.0,0.0
1752860620447,308.0,-33.0,157.0,-5.0,-3.0,-8.0,-0.0,0.1,-0.1,0.34,-0.41,0.85,-0.03,0.0,0.0,0.0
1752860620488,308.0,-34.0,157.0,-5.0,-3.0,-8.0,0.1,-0.0,-0.2,0.34,-0.41,0.85,-0.02,0.0,0.0,0.0
1752860620635,308.0,-34.0,157.0,-5.0,-3.0,-8.0,0.2,-0.0,0.0,0.34,-0.41,0.85,-0.02,0.0,0.0,0.0
1752860620685,309.0,-33.0,158.0,-5.0,-3.0,-8.0,-0.0,0.0,-0.0,0.33,-0.41,0.85,-0.02,0.0,0.0,0.0
1752860620829,309.0,-33.0,158.0,-5.0,-3.0,-8.0,-0.0,0.2,-0.1,0.33,-0.41,0.85,-0.02,0.0,0.0,0.0
1752860620974,309.0,-32.0,159.0,-5.0,-3.0,-8.0,-0.1,-0.2,0.1,0.32,-0.41,0.86,-0.03,0.0,0.0,0.0
1752860621019,309.0,-32.0,159.0,-5.0,-3.0,-8.0,-0.1,0.0,0.1,0.32,-0.41,0.86,-0.02,0.0,0.0,0.0
1752860621115,309.0,-32.0,159.0,-5.0,-3.0,-8.0,-0.1,0.3,-0.2,0.32,-0.4,0.86,-0.03,0.0,0.0,0.0
1752860621266,310.0,-32.0,160.0,-5.0,-3.0,-8.0,0.1,-0.0,0.0,0.32,-0.4,0.86,-0.03,0.0,0.0,0.0
1752860621411,309.0,-32.0,160.0,-5.0,-3.0,-8.0,0.0,-0.2,-0.0,0.32,-0.4,0.86,-0.02,0.0,0.0,0.0
1752860621475,309.0,-32.0,160.0,-5.0,-3.0,-8.0,0.0,-0.1,0.1,0.32,-0.41,0.86,-0.02,0.0,0.0,0.0
1752860621507,309.0,-32.0,160.0,-5.0,-3.0,-8.0,0.0,0.0,0.1,0.32,-0.41,0.86,-0.02,0.0,0.0,0.0
1752860621757,308.0,-32.0,159.0,-5.0,-3.0,-8.0,0.1,-0.0,0.1,0.32,-0.41,0.85,-0.02,0.0,0.0,0.0
1752860621907,307.0,-32.0,158.0,-5.0,-3.0,-8.0,0.0,0.1,0.0,0.32,-0.42,0.85,-0.03,0.0,0.0,0.0
1752860621949,307.0,-32.0,157.0,-5.0,-3.0,-8.0,0.0,0.0,0.0,0.33,-0.42,0.84,-0.03,0.0,0.0,0.0
1752860622237,307.0,-32.0,157.0,-5.0,-3.0,-8.0,0.0,0.0,0.0,0.33,-0.42,0.84,-0.03,0.0,0.0,0.0
1752860622281,307.0,-32.0,158.0,-5.0,-3.0,-8.0,0.0,0.0,0.0,0.33,-0.42,0.84,-0.02,0.0,0.0,0.0
1752860622321,306.0,-32.0,158.0,-5.0,-3.0,-8.0,0.1,-0.0,0.1,0.33,-0.43,0.84,-0.02,0.0,0.0,0.0
1752860622368,306.0,-32.0,157.0,-5.0,-3.0,-8.0,0.0,0.0,0.0,0.33,-0.43,0.84,-0.02,0.0,0.0,0.0
1752860622412,306.0,-33.0,157.0,-5.0,-3.0,-8.0,0.0,0.0,-0.0,0.33,-0.43,0.84,-0.03,0.0,0.0,0.0
1752860622458,306.0,-33.0,157.0,-5.0,-3.0,-8.0,-0.0,0.0,-0.0,0.33,-0.43,0.84,-0.03,0.0,0.0,0.0
1752860622500,306.0,-32.0,157.0,-5.0,-3.0,-8.0,-0.0,0.0,-0.0,0.33,-0.43,0.84,-0.03,0.0,0.0,0.0
1752860622642,306.0,-32.0,157.0,-5.0,-3.0,-8.0,0.1,-0.0,-0.0,0.33,-0.43,0.84,-0.03,0.0,0.0,0.0
1752860622682,306.0,-33.0,157.0,-5.0,-3.0,-8.0,0.0,-0.2,-0.0,0.33,-0.43,0.84,-0.03,0.0,0.0,0.0
1752860622728,306.0,-33.0,157.0,-5.0,-3.0,-8.0,0.0,0.0,0.0,0.33,-0.43,0.84,-0.03,0.0,0.0,0.0
1752860622772,306.0,-32.0,157.0,-5.0,-3.0,-8.0,-0.1,0.0,0.1,0.33,-0.43,0.84,-0.03,0.0,0.0,0.0
1752860622818,307.0,-32.0,157.0,-5.0,-3.0,-8.0,-0.1,0.0,0.0,0.33,-0.42,0.84,-0.03,0.0,0.0,0.0
1752860622863,307.0,-32.0,158.0,-5.0,-3.0,-8.0,-0.1,0.0,0.1,0.33,-0.42,0.84,-0.03,0.0,0.0,0.0
1752860623018,307.0,-32.0,158.0,-5.0,-3.0,-8.0,-0.0,-0.0,0.0,0.33,-0.42,0.84,-0.03,0.0,0.0,0.0
1752860623514,308.0,-32.0,159.0,-5.0,-3.0,-8.0,0.2,-0.1,0.3,0.33,-0.42,0.85,-0.02,0.0,0.0,0.0
1752860623659,307.0,-32.0,158.0,-5.0,-3.0,-8.0,-0.0,0.3,-0.1,0.33,-0.42,0.85,-0.03,0.0,0.0,0.0
1752860623810,308.0,-32.0,157.0,-5.0,-3.0,-7.0,-0.0,-0.0,0.1,0.33,-0.42,0.85,-0.03,0.0,0.0,0.0
1752860624486,311.0,-32.0,162.0,-5.0,-3.0,-8.0,-0.0,0.0,0.1,0.31,-0.39,0.87,-0.01,0.0,0.0,0.0
1752860624533,309.0,-32.0,161.0,-5.0,-3.0,-8.0,0.0,0.0,0.0,0.31,-0.4,0.86,-0.02,0.0,0.0,0.0
1752860624676,309.0,-32.0,160.0,-5.0,-3.0,-8.0,0.0,-0.1,0.1,0.32,-0.41,0.86,-0.02,0.0,0.0,0.0
1752860624723,307.0,-32.0,160.0,-5.0,-3.0,-8.0,0.0,-0.1,0.1,0.32,-0.42,0.85,-0.01,0.0,0.0,0.0
1752860624873,305.0,-31.0,160.0,-5.0,-3.0,-8.0,0.0,0.0,0.0,0.31,-0.43,0.85,-0.01,0.0,0.0,0.0
1752860625024,304.0,-31.0,159.0,-5.0,-3.0,-8.0,0.0,0.1,0.0,0.32,-0.44,0.84,-0.01,0.0,0.0,0.0
1752860625407,306.0,-32.0,160.0,-5.0,-3.0,-8.0,0.0,0.1,0.3,0.32,-0.43,0.84,-0.01,0.0,0.0,0.0
1752860625454,307.0,-32.0,160.0,-5.0,-3.0,-8.0,0.0,0.1,0.1,0.32,-0.43,0.85,-0.01,0.0,0.0,0.0
1752860625499,307.0,-32.0,160.0,-5.0,-3.0,-8.0,-0.1,0.1,-0.2,0.32,-0.42,0.85,-0.01,0.0,0.0,0.0
1752860625739,307.0,-32.0,160.0,-5.0,-3.0,-8.0,0.0,0.0,0.0,0.32,-0.42,0.85,-0.01,0.0,0.0,0.0
1752860625779,309.0,-31.0,161.0,-5.0,-3.0,-8.0,-0.1,0.0,0.0,0.31,-0.41,0.86,-0.02,0.0,0.0,0.0
1752860625826,309.0,-31.0,161.0,-5.0,-3.0,-8.0,-0.2,0.2,0.0,0.31,-0.41,0.86,-0.02,0.0,0.0,0.0
1752860626484,308.0,-31.0,161.0,-5.0,-3.0,-8.0,-0.0,-0.1,0.1,0.31,-0.42,0.86,-0.01,0.0,0.0,0.0
1752860626527,308.0,-31.0,161.0,-5.0,-3.0,-8.0,-0.0,-0.1,0.0,0.31,-0.42,0.86,-0.01,0.0,0.0,0.0
1752860626696,309.0,-31.0,161.0,-5.0,-3.0,-8.0,0.1,-0.0,-0.1,0.31,-0.42,0.86,-0.01,0.0,0.0,0.0
1752860626831,310.0,-30.0,162.0,-5.0,-3.0,-8.0,0.0,0.0,-0.0,0.3,-0.41,0.86,-0.02,0.0,0.0,0.0
1752860626993,311.0,-30.0,162.0,-5.0,-3.0,-8.0,-0.1,-0.0,-0.1,0.3,-0.4,0.86,-0.02,0.0,0.0,0.0
1752860627027,311.0,-30.0,162.0,-5.0,-3.0,-8.0,-0.0,-0.1,-0.1,0.3,-0.4,0.87,-0.02,0.0,0.0,0.0
1752860627173,311.0,-30.0,162.0,-5.0,-3.0,-8.0,-0.1,0.0,-0.0,0.3,-0.4,0.87,-0.02,0.0,0.0,0.0
1752860627247,312.0,-30.0,162.0,-5.0,-3.0,-8.0,-0.0,0.1,0.0,0.3,-0.39,0.87,-0.02,0.0,0.0,0.0
1752860627442,313.0,-30.0,163.0,-5.0,-2.0,-8.0,0.1,0.0,0.1,0.3,-0.38,0.88,-0.02,0.0,0.0,0.0
1752860627483,313.0,-30.0,163.0,-5.0,-2.0,-8.0,0.1,0.0,0.1,0.29,-0.38,0.88,-0.02,0.0,0.0,0.0
1752860627529,313.0,-30.0,163.0,-5.0,-3.0,-8.0,-0.0,-0.1,0.0,0.29,-0.38,0.88,-0.02,0.0,0.0,0.0
1752860627573,313.0,-30.0,163.0,-5.0,-3.0,-8.0,-0.1,-0.1,-0.0,0.29,-0.38,0.88,-0.02,0.0,0.0,0.0
1752860627619,313.0,-30.0,163.0,-5.0,-3.0,-8.0,-0.0,-0.0,0.0,0.29,-0.38,0.88,-0.02,0.0,0.0,0.0
1752860627671,313.0,-30.0,163.0,-5.0,-2.0,-8.0,0.0,0.0,0.0,0.29,-0.38,0.88,-0.02,0.0,0.0,0.0
1752860627812,312.0,-30.0,162.0,-5.0,-3.0,-8.0,0.0,0.1,0.0,0.29,-0.39,0.87,-0.02,0.0,0.0,0.0
1752860627856,312.0,-30.0,162.0,-5.0,-3.0,-8.0,-0.0,0.1,-0.0,0.3,-0.39,0.87,-0.02,0.0,0.0,0.0
1752860627884,312.0,-30.0,162.0,-5.0,-3.0,-8.0,-0.0,0.1,-0.0,0.3,-0.39,0.87,-0.02,0.0,0.0,0.0
1752860627941,312.0,-30.0,162.0,-5.0,-3.0,-8.0,0.0,-0.0,0.1,0.3,-0.39,0.87,-0.02,0.0,0.0,0.0
1752860628078,312.0,-30.0,162.0,-5.0,-3.0,-8.0,-0.0,0.0,0.1,0.3,-0.39,0.87,-0.02,0.0,0.0,0.0
1752860628131,312.0,-30.0,162.0,-5.0,-3.0,-8.0,-0.1,0.0,-0.0,0.3,-0.39,0.87,-0.02,0.0,0.0,0.0
1752860628274,312.0,-30.0,163.0,-5.0,-2.0,-8.0,-0.0,0.1,0.1,0.3,-0.39,0.87,-0.02,0.0,0.0,0.0
1752860628326,312.0,-30.0,163.0,-5.0,-2.0,-8.0,-0.0,0.1,0.0,0.3,-0.38,0.87,-0.02,0.0,0.0,0.0
1752860628588,312.0,-30.0,163.0,-5.0,-3.0,-8.0,-0.1,-0.0,0.0,0.3,-0.39,0.87,-0.01,0.0,0.0,0.0
1752860628722,310.0,-30.0,161.0,-5.0,-3.0,-8.0,0.0,0.0,0.0,0.3,-0.4,0.87,-0.02,0.0,0.0,0.0
1752860628973,309.0,-30.0,161.0,-5.0,-3.0,-8.0,-0.0,0.0,0.0,0.3,-0.41,0.86,-0.02,0.0,0.0,0.0
1752860629325,312.0,-30.0,163.0,-5.0,-3.0,-8.0,-0.0,-0.1,0.1,0.3,-0.4,0.86,-0.02,0.0,0.0,0.0
1752860629467,312.0,-29.0,163.0,-5.0,-3.0,-8.0,-0.0,-0.1,0.4,0.29,-0.39,0.88,-0.01,0.0,0.0,0.0
1752860629655,311.0,-30.0,162.0,-5.0,-2.0,-8.0,-0.0,0.3,-0.3,0.29,-0.39,0.87,-0.02,0.0,0.0,0.0
1752860629658,311.0,-30.0,162.0,-5.0,-2.0,-8.0,0.1,0.2,-0.1,0.3,-0.39,0.87,-0.02,0.0,0.0,0.0
1752860629708,311.0,-30.0,162.0,-5.0,-3.0,-8.0,0.2,-0.0,0.1,0.3,-0.39,0.87,-0.02,0.0,0.0,0.0
1752860629847,311.0,-30.0,162.0,-5.0,-3.0,-8.0,-0.1,0.1,0.0,0.3,-0.39,0.87,-0.02,0.0,0.0,0.0
1752860629899,311.0,-30.0,163.0,-5.0,-3.0,-8.0,-0.1,-0.0,0.0,0.29,-0.39,0.87,-0.02,0.0,0.0,0.0
1752860629934,311.0,-30.0,163.0,-5.0,-3.0,-8.0,0.0,0.0,0.0,0.29,-0.39,0.87,-0.02,0.0,0.0,0.0
1752860629985,311.0,-30.0,163.0,-5.0,-3.0,-8.0,0.0,-0.0,0.0,0.29,-0.39,0.87,-0.02,0.0,0.0,0.0
1752860630037,311.0,-30.0,163.0,-5.0,-3.0,-8.0,0.0,-0.0,0.1,0.29,-0.39,0.87,-0.02,0.0,0.0,0.0
1752860630285,311.0,-30.0,162.0,-5.0,-3.0,-8.0,0.0,-0.0,0.1,0.29,-0.39,0.87,-0.02,0.0,0.0,0.0
1752860630439,311.0,-30.0,162.0,-5.0,-3.0,-8.0,-0.1,0.0,0.1,0.29,-0.4,0.87,-0.02,0.0,0.0,0.0
1752860630581,310.0,-30.0,162.0,-5.0,-3.0,-8.0,0.0,0.1,0.0,0.29,-0.4,0.87,-0.02,0.0,0.0,0.0
1752860630740,310.0,-30.0,162.0,-5.0,-3.0,-8.0,0.0,-0.1,0.1,0.29,-0.4,0.87,-0.02,0.0,0.0,0.0
1752860630774,310.0,-30.0,162.0,-5.0,-3.0,-8.0,0.0,-0.1,0.0,0.29,-0.4,0.87,-0.02,0.0,0.0,0.0
1752860630820,310.0,-30.0,162.0,-5.0,-3.0,-8.0,0.0,-0.1,0.1,0.29,-0.4,0.87,-0.02,0.0,0.0,0.0
1752860630858,310.0,-29.0,162.0,-5.0,-3.0,-8.0,0.0,-0.1,0.0,0.29,-0.41,0.87,-0.02,0.0,0.0,0.0
1752860630891,310.0,-29.0,162.0,-5.0,-3.0,-8.0,0.0,-0.1,0.0,0.29,-0.41,0.86,-0.02,0.0,0.0,0.0
1752860630938,309.0,-29.0,162.0,-5.0,-3.0,-8.0,-0.0,-0.0,0.0,0.29,-0.41,0.86,-0.02,0.0,0.0,0.0
1752860630991,309.0,-29.0,161.0,-5.0,-3.0,-8.0,-0.0,0.0,-0.0,0.29,-0.41,0.86,-0.02,0.0,0.0,0.0
1752860631032,309.0,-29.0,161.0,-5.0,-3.0,-8.0,-0.0,0.0,0.0,0.29,-0.41,0.86,-0.02,0.0,0.0,0.0
1752860631276,309.0,-29.0,161.0,-5.0,-3.0,-8.0,0.0,0.0,0.0,0.29,-0.41,0.86,-0.02,0.0,0.0,0.0
1752860631994,308.0,-30.0,157.0,-6.0,-3.0,-7.0,-0.6,0.2,0.1,0.32,-0.41,0.85,-0.04,0.0,0.0,0.0
1752860632044,304.0,-36.0,153.0,-6.0,-4.0,-7.0,-0.5,0.1,0.2,0.38,-0.43,0.82,-0.03,0.0,0.0,0.0
1752860632078,5.0,-39.0,150.0,-6.0,-3.0,-7.0,-0.3,0.5,-0.1,0.4,-0.44,0.81,-0.02,0.0,0.0,0.0
1752860632228,3.0,-41.0,148.0,-7.0,-4.0,-6.0,-0.6,0.5,0.2,0.42,-0.45,0.79,-0.01,0.0,0.0,0.0
1752860632275,356.0,-44.0,142.0,-7.0,-4.0,-5.0,-0.5,0.3,0.6,0.47,-0.5,0.73,0.02,0.0,0.0,0.0
1752860632311,353.0,-45.0,141.0,-7.0,-4.0,-5.0,-0.5,0.1,0.6,0.47,-0.51,0.72,0.03,0.0,0.0,0.0
1752860632352,351.0,-46.0,140.0,-8.0,-4.0,-4.0,-0.6,0.3,0.7,0.48,-0.52,0.7,0.04,0.0,0.0,0.0
1752860632395,349.0,-46.0,139.0,-8.0,-4.0,-5.0,-0.7,0.3,0.3,0.49,-0.53,0.69,0.04,0.0,0.0,0.0
1752860632647,337.0,-50.0,133.0,-7.0,-5.0,-4.0,0.3,-0.4,0.2,0.49,-0.54,0.68,0.06,0.0,0.0,0.0
1752860632798,337.0,-50.0,131.0,-7.0,-5.0,-4.0,0.7,-0.2,-0.1,0.52,-0.58,0.62,0.11,0.0,0.0,0.0
1752860632948,340.0,-50.0,132.0,-8.0,-4.0,-4.0,-0.0,0.4,-0.1,0.53,-0.58,0.62,0.1,0.0,0.0,0.0
1752860632998,340.0,-50.0,132.0,-7.0,-4.0,-4.0,0.3,0.0,-0.2,0.53,-0.56,0.63,0.09,0.0,0.0,0.0
1752860633148,341.0,-51.0,136.0,-7.0,-5.0,-5.0,0.5,-0.5,-0.4,0.52,-0.55,0.64,0.09,0.0,0.0,0.0
1752860633189,341.0,-51.0,137.0,-7.0,-4.0,-5.0,0.6,0.0,0.0,0.51,-0.54,0.66,0.09,0.0,0.0,0.0
1752860633242,340.0,-51.0,138.0,-7.0,-4.0,-5.0,0.0,0.3,-0.3,0.51,-0.53,0.67,0.09,0.0,0.0,0.0
1752860633282,339.0,-51.0,140.0,-8.0,-3.0,-5.0,0.1,0.9,0.1,0.5,-0.53,0.68,0.09,0.0,0.0,0.0
1752860633312,337.0,-51.0,143.0,-8.0,-2.0,-5.0,-0.1,0.2,-0.1,0.49,-0.52,0.69,0.1,0.0,0.0,0.0
1752860633363,332.0,-51.0,149.0,-8.0,-2.0,-6.0,-0.2,0.8,-0.4,0.47,-0.52,0.7,0.11,0.0,0.0,0.0
1752860633399,328.0,-50.0,155.0,-7.0,-2.0,-6.0,0.0,0.8,0.1,0.45,-0.52,0.72,0.13,0.0,0.0,0.0
1752860633644,326.0,-48.0,159.0,-7.0,-1.0,-5.0,-0.1,1.1,1.5,0.42,-0.51,0.74,0.13,0.0,0.0,0.0
1752860633903,334.0,-49.0,146.0,-8.0,-3.0,-5.0,0.4,1.5,0.8,0.39,-0.56,0.72,0.13,0.0,0.0,0.0
1752860633937,335.0,-49.0,144.0,-8.0,-4.0,-5.0,-0.2,-0.3,-0.3,0.47,-0.56,0.67,0.1,0.0,0.0,0.0
1752860633992,335.0,-49.0,142.0,-9.0,-6.0,-2.0,-1.6,-3.3,3.0,0.48,-0.57,0.66,0.11,0.0,0.0,0.0
1752860634027,334.0,-48.0,142.0,-7.0,-4.0,-6.0,-0.3,-1.0,-1.1,0.47,-0.59,0.65,0.11,0.0,0.0,0.0
1752860634065,336.0,-47.0,141.0,-8.0,-5.0,-4.0,-1.2,-0.3,1.4,0.48,-0.59,0.64,0.1,0.0,0.0,0.0
1752860634107,344.0,-46.0,136.0,-8.0,-1.0,-2.0,-1.3,3.6,2.4,0.49,-0.58,0.64,0.08,0.0,0.0,0.0
1752860634152,354.0,-46.0,128.0,-7.0,1.0,-9.0,-1.6,1.1,-0.6,0.52,-0.55,0.65,0.04,0.0,0.0,0.0
1752860634298,6.0,-47.0,121.0,-8.0,-4.0,-3.0,-1.0,1.9,0.1,0.57,-0.48,0.67,-0.03,0.0,0.0,0.0
1752860634343,7.0,-48.0,122.0,-8.0,-4.0,-3.0,-0.3,0.5,-0.9,0.57,-0.47,0.68,-0.03,0.0,0.0,0.0
1752860634496,1.0,-51.0,128.0,-10.0,-5.0,-2.0,-2.3,-0.7,1.6,0.55,-0.44,0.71,-0.01,0.0,0.0,0.0
1752860634639,347.0,-57.0,137.0,-7.0,-5.0,-4.0,1.1,-0.9,-0.4,0.55,-0.43,0.72,0.01,0.0,0.0,0.0
1752860634687,345.0,-59.0,137.0,-7.0,-4.0,-4.0,1.8,-0.1,0.1,0.55,-0.42,0.72,0.07,0.0,0.0,0.0
1752860634726,343.0,-60.0,137.0,-6.0,-4.0,-4.0,1.8,-0.2,-0.5,0.56,-0.42,0.71,0.09,0.0,0.0,0.0
1752860634771,340.0,-61.0,135.0,-7.0,-4.0,-4.0,1.2,-0.6,-0.7,0.56,-0.42,0.71,0.1,0.0,0.0,0.0
1752860634810,340.0,-62.0,134.0,-7.0,-4.0,-4.0,1.2,-0.8,-1.2,0.57,-0.42,0.7,0.1,0.0,0.0,0.0
1752860634860,340.0,-62.0,133.0,-7.0,-4.0,-4.0,1.6,-0.3,-0.9,0.57,-0.42,0.7,0.1,0.0,0.0,0.0
1752860634911,340.0,-62.0,132.0,-7.0,-4.0,-4.0,2.1,-0.1,-1.0,0.57,-0.43,0.69,0.1,0.0,0.0,0.0
1752860635150,339.0,-58.0,135.0,-19.0,1.0,-2.0,-11.0,5.1,2.0,0.55,-0.47,0.68,0.1,0.0,0.0,0.0
1752860635288,320.0,-66.0,128.0,-7.0,-4.0,-5.0,2.0,-1.0,-2.6,0.55,-0.48,0.68,0.11,0.0,0.0,0.0
1752860635336,317.0,-65.0,125.0,-2.0,-4.0,-1.0,5.9,-1.2,2.0,0.57,-0.53,0.59,0.22,0.0,0.0,0.0
1752860635380,314.0,-65.0,113.0,-0.0,-4.0,1.0,9.5,0.2,2.1,0.59,-0.55,0.53,0.25,0.0,0.0,0.0
1752860635425,314.0,-63.0,100.0,3.0,-4.0,1.0,11.9,0.3,0.5,0.62,-0.56,0.48,0.27,0.0,0.0,0.0
1752860635561,329.0,-46.0,89.0,4.0,-9.0,-6.0,11.1,-2.4,-6.1,0.65,-0.57,0.42,0.27,0.0,0.0,0.0
1752860635598,336.0,-43.0,95.0,1.0,-10.0,-11.0,0.0,0.0,0.0,0.68,-0.62,0.37,0.15,0.0,0.0,0.0
1752860635855,23.0,-31.0,137.0,-6.0,-4.0,-14.0,-2.5,2.1,-6.8,0.64,-0.64,0.41,0.11,0.0,0.0,0.0
1752860635888,340.0,-18.0,143.0,-6.0,-4.0,-9.0,-2.8,1.3,-2.0,0.21,-0.16,0.93,-0.27,0.0,0.0,0.0
1752860635938,358.0,-20.0,144.0,-4.0,-4.0,-11.0,0.2,1.9,-3.2,0.19,-0.05,0.94,-0.29,0.0,0.0,0.0
1752860636084,103.0,-34.0,143.0,-2.0,2.0,-13.0,3.3,7.1,-6.7,0.25,0.15,0.9,-0.32,0.0,0.0,0.0
1752860636138,90.0,-38.0,143.0,-4.0,2.0,-12.0,2.2,6.9,-5.6,0.3,0.12,0.9,-0.3,0.0,0.0,0.0
1752860636172,78.0,-40.0,143.0,-5.0,3.0,-12.0,1.7,6.8,-5.6,0.34,0.06,0.89,-0.28,0.0,0.0,0.0
1752860637022,318.0,-4.0,151.0,-5.0,-2.0,-12.0,-4.2,2.3,-3.0,0.45,-0.65,0.61,-0.02,0.0,0.0,0.0
1752860637056,338.0,-2.0,152.0,-4.0,-10.0,-11.0,-4.0,-5.0,-2.8,0.07,-0.23,0.94,-0.23,0.0,0.0,0.0
1752860637406,39.0,-28.0,153.0,-0.0,5.0,-12.0,5.6,9.4,-5.6,0.05,-0.07,0.97,-0.25,0.0,0.0,0.0
1752860637637,27.0,-44.0,141.0,-8.0,-3.0,-9.0,0.0,0.0,0.0,0.28,0.2,0.89,-0.29,0.0,0.0,0.0
1752860637681,18.0,-42.0,143.0,-4.0,-4.0,-9.0,1.6,0.6,-2.6,0.44,-0.38,0.81,-0.07,0.0,0.0,0.0
1752860637730,5.0,-41.0,147.0,-6.0,-5.0,-8.0,0.2,-1.2,-2.4,0.43,-0.44,0.78,-0.02,0.0,0.0,0.0
1752860637761,344.0,-45.0,150.0,-8.0,-5.0,-7.0,-0.5,-1.8,-0.9,0.44,-0.5,0.75,0.05,0.0,0.0,0.0
1752860637806,330.0,-49.0,151.0,-8.0,-5.0,-7.0,-0.7,-1.5,-1.3,0.44,-0.54,0.71,0.11,0.0,0.0,0.0
1752860638056,289.0,-70.0,117.0,-8.0,-5.0,-2.0,5.2,-2.8,-3.0,0.45,-0.57,0.67,0.16,0.0,0.0,0.0
1752860638108,286.0,-70.0,101.0,-3.0,-6.0,-1.0,5.8,-2.6,-0.6,0.55,-0.61,0.4,0.41,0.0,0.0,0.0
1752860638142,287.0,-66.0,90.0,1.0,-9.0,-2.0,10.3,-5.5,-1.2,0.56,-0.61,0.36,0.42,0.0,0.0,0.0
1752860638388,5.0,-31.0,124.0,-12.0,-3.0,-27.0,-7.6,3.6,-22.2,0.53,-0.68,0.5,0.01,0.0,0.0,0.0
1752860638424,37.0,-20.0,136.0,-12.0,-3.0,-19.0,-9.2,3.6,-11.8,0.42,-0.65,0.63,-0.1,0.0,0.0,0.0
1752860638471,294.0,-10.0,144.0,-9.0,-5.0,-14.0,-7.7,0.4,-6.1,0.27,-0.55,0.77,-0.19,0.0,0.0,0.0
1752860638508,318.0,-3.0,149.0,-4.0,-6.0,-9.0,-3.4,-1.3,-1.0,0.14,-0.39,0.88,-0.23,0.0,0.0,0.0
1752860638656,25.0,-16.0,149.0,4.0,-4.0,-11.0,6.9,0.7,-2.8,0.08,-0.21,0.94,-0.26,0.0,0.0,0.0
1752860638692,34.0,-22.0,148.0,3.0,-3.0,-11.0,7.2,2.2,-3.4,0.1,0.26,0.91,-0.3,0.0,0.0,0.0
1752860638742,40.0,-27.0,147.0,3.0,0.0,-11.0,8.7,6.3,-4.3,0.14,0.32,0.88,-0.33,0.0,0.0,0.0
1752860638775,127.0,-32.0,145.0,2.0,1.0,-13.0,7.5,5.5,-5.8,0.17,0.33,0.86,-0.35,0.0,0.0,0.0
1752860638918,102.0,-40.0,140.0,-5.0,-0.0,-9.0,1.1,4.5,-3.2,0.2,0.33,0.85,-0.35,0.0,0.0,0.0
1752860638960,94.0,-41.0,138.0,-7.0,-2.0,-8.0,-0.3,2.7,-2.8,0.31,0.16,0.87,-0.35,0.0,0.0,0.0
1752860639110,86.0,-42.0,136.0,-6.0,-1.0,-10.0,0.3,3.4,-3.1,0.34,0.1,0.87,-0.33,0.0,0.0,0.0
1752860639151,54.0,-45.0,136.0,-7.0,-2.0,-8.0,-0.2,2.5,-2.7,0.44,-0.13,0.86,-0.22,0.0,0.0,0.0
1752860639294,25.0,-44.0,136.0,-7.0,-5.0,-11.0,-2.4,-0.8,-1.0,0.46,-0.18,0.85,-0.18,0.0,0.0,0.0
1752860639344,14.0,-44.0,139.0,-4.0,-4.0,-7.0,0.4,-1.0,-2.1,0.47,-0.4,0.78,-0.06,0.0,0.0,0.0
1752860639375,7.0,-46.0,138.0,-7.0,-3.0,-7.0,-0.6,0.8,2.8,0.49,-0.42,0.76,-0.03,0.0,0.0,0.0
1752860639419,351.0,-52.0,140.0,-7.0,-5.0,-5.0,0.8,-1.6,-0.3,0.51,-0.44,0.74,0.03,0.0,0.0,0.0
1752860639480,342.0,-56.0,138.0,-7.0,-4.0,-6.0,1.2,-0.5,-2.3,0.53,-0.45,0.71,0.07,0.0,0.0,0.0
1752860639612,335.0,-59.0,136.0,-6.0,-5.0,-5.0,4.8,-0.7,-1.6,0.55,-0.47,0.69,0.11,0.0,0.0,0.0
1752860639654,326.0,-60.0,120.0,-3.0,-7.0,-4.0,5.5,-2.5,-1.4,0.59,-0.54,0.57,0.18,0.0,0.0,0.0
1752860639793,324.0,-59.0,119.0,-3.0,-7.0,-4.0,6.4,-10.3,-4.9,0.59,-0.56,0.56,0.19,0.0,0.0,0.0
1752860639836,330.0,-54.0,130.0,-1.0,-10.0,-9.0,6.4,-5.6,-5.1,0.54,-0.58,0.59,0.15,0.0,0.0,0.0
1752860639873,339.0,-51.0,134.0,-1.0,-9.0,-10.0,5.9,-3.9,-5.3,0.52,-0.56,0.64,0.1,0.0,0.0,0.0
1752860639915,356.0,-44.0,139.0,-2.0,-8.0,-11.0,4.5,-3.3,-5.6,0.49,-0.53,0.7,0.03,0.0,0.0,0.0
1752860639957,13.0,-38.0,144.0,-3.0,-7.0,-12.0,3.0,-2.9,-5.6,0.44,-0.47,0.77,-0.03,0.0,0.0,0.0
1752860640110,348.0,-22.0,143.0,-4.0,-2.0,-14.0,-0.5,3.3,-5.4,0.38,-0.39,0.83,-0.11,0.0,0.0,0.0
1752860640260,34.0,-31.0,150.0,-1.0,-1.0,-12.0,4.4,2.4,-4.7,0.2,0.27,0.89,-0.3,0.0,0.0,0.0
1752860640307,43.0,-36.0,153.0,-1.0,-0.0,-12.0,5.6,4.1,-4.6,0.22,0.33,0.87,-0.3,0.0,0.0,0.0
1752860640343,102.0,-39.0,155.0,-0.0,2.0,-11.0,5.8,5.3,-3.8,0.24,0.36,0.85,-0.3,0.0,0.0,0.0
1752860640477,86.0,-44.0,147.0,-4.0,2.0,-10.0,3.2,5.7,-4.6,0.26,0.35,0.85,-0.3,0.0,0.0,0.0
1752860640518,79.0,-44.0,144.0,-4.0,1.0,-10.0,2.7,5.1,-4.6,0.35,0.15,0.88,-0.3,0.0,0.0,0.0
1752860640558,72.0,-44.0,141.0,-5.0,0.0,-11.0,2.1,4.5,-5.4,0.37,0.07,0.88,-0.28,0.0,0.0,0.0
1752860640608,64.0,-43.0,139.0,-5.0,-2.0,-10.0,0.7,2.9,-3.5,0.39,-0.02,0.88,-0.26,0.0,0.0,0.0
1752860640651,54.0,-42.0,139.0,-7.0,-3.0,-8.0,-0.1,1.8,-2.1,0.41,-0.14,0.87,-0.21,0.0,0.0,0.0
1752860640710,42.0,-41.0,138.0,-7.0,-2.0,-7.0,-0.4,2.2,-2.4,0.43,-0.23,0.85,-0.17,0.0,0.0,0.0
1752860640744,34.0,-39.0,137.0,-8.0,-5.0,-7.0,-1.7,-1.0,-0.5,0.44,-0.34,0.82,-0.14,0.0,0.0,0.0
1752860640777,17.0,-42.0,138.0,-9.0,-6.0,-6.0,-2.8,-1.2,-0.4,0.46,-0.41,0.78,-0.08,0.0,0.0,0.0
1752860640827,6.0,-44.0,136.0,-9.0,-4.0,-8.0,-2.4,0.7,-2.7,0.49,-0.46,0.74,-0.04,0.0,0.0,0.0
1752860640861,353.0,-48.0,134.0,-8.0,-6.0,-6.0,-0.2,-1.4,-1.5,0.51,-0.49,0.7,0.02,0.0,0.0,0.0
1752860641113,308.0,-60.0,114.0,-7.0,-6.0,-5.0,-2.3,-4.2,-1.1,0.53,-0.53,0.66,0.07,0.0,0.0,0.0
1752860641715,19.0,-22.0,143.0,-1.0,-2.0,-14.0,3.9,3.9,-6.8,0.15,0.12,0.93,-0.32,0.0,0.0,0.0
1752860641760,33.0,-29.0,145.0,0.0,-1.0,-12.0,5.3,3.5,-5.3,0.17,0.24,0.89,-0.33,0.0,0.0,0.0
1752860641810,119.0,-33.0,148.0,1.0,-1.0,-11.0,7.1,3.9,-3.9,0.19,0.31,0.87,-0.33,0.0,0.0,0.0
1752860641953,115.0,-37.0,150.0,-2.0,3.0,-13.0,4.1,7.4,-6.5,0.21,0.36,0.85,-0.33,0.0,0.0,0.0
1752860642005,95.0,-41.0,143.0,-4.0,3.0,-12.0,2.4,7.4,-5.7,0.29,0.22,0.87,-0.33,0.0,0.0,0.0
1752860642044,87.0,-40.0,140.0,-5.0,2.0,-10.0,0.4,6.9,-3.9,0.33,0.09,0.89,-0.31,0.0,0.0,0.0
1752860642180,46.0,-34.0,133.0,-6.0,-3.0,-12.0,-0.6,2.7,-5.9,0.36,-0.04,0.89,-0.28,0.0,0.0,0.0
1752860642230,26.0,-36.0,135.0,-6.0,-6.0,-9.0,0.1,-0.8,-3.3,0.45,-0.44,0.77,-0.12,0.0,0.0,0.0
1752860642264,6.0,-40.0,136.0,-6.0,-5.0,-8.0,0.3,-0.3,-2.8,0.47,-0.51,0.72,-0.04,0.0,0.0,0.0
1752860642413,349.0,-45.0,135.0,-7.0,-7.0,-8.0,2.0,-1.4,-3.3,0.49,-0.56,0.67,0.03,0.0,0.0,0.0
1752860642460,308.0,-60.0,126.0,-6.0,-6.0,-5.0,3.1,-2.7,-1.7,0.53,-0.62,0.51,0.26,0.0,0.0,0.0
1752860642514,297.0,-65.0,122.0,-6.0,-8.0,-3.0,3.3,-4.8,-1.0,0.53,-0.63,0.47,0.33,0.0,0.0,0.0
1752860642660,290.0,-61.0,116.0,-2.0,-7.0,-3.0,8.4,-3.3,0.0,0.52,-0.65,0.45,0.34,0.0,0.0,0.0
1752860642697,292.0,-58.0,113.0,1.0,-9.0,-3.0,8.0,-3.9,0.5,0.52,-0.69,0.35,0.35,0.0,0.0,0.0
1752860642731,298.0,-55.0,107.0,8.0,-12.0,-5.0,0.0,0.0,0.0,0.55,-0.69,0.33,0.34,0.0,0.0,0.0
1752860642781,304.0,-51.0,104.0,7.0,-11.0,-10.0,15.0,-5.1,-8.4,0.57,-0.69,0.32,0.31,0.0,0.0,0.0
1752860642914,0.0,-31.0,136.0,-10.0,-5.0,-21.0,-5.3,0.2,-14.2,0.59,-0.69,0.33,0.28,0.0,0.0,0.0
1752860643065,329.0,-1.0,145.0,-2.0,-8.0,-15.0,-1.8,-2.4,-6.3,0.34,-0.63,0.69,-0.08,0.0,0.0,0.0
1752860643114,349.0,-5.0,142.0,-3.0,-6.0,-13.0,-1.1,0.2,-5.9,0.08,-0.09,0.94,-0.32,0.0,0.0,0.0
1752860643151,13.0,-15.0,140.0,-3.0,-7.0,-13.0,0.8,-1.7,-5.3,0.1,0.07,0.93,-0.34,0.0,0.0,0.0
1752860643301,27.0,-23.0,143.0,-0.0,-6.0,-11.0,7.9,3.1,-5.1,0.13,0.22,0.91,-0.34,0.0,0.0,0.0
1752860643351,106.0,-45.0,149.0,1.0,2.0,-11.0,7.8,5.5,-5.5,0.27,0.39,0.81,-0.35,0.0,0.0,0.0
1752860643385,98.0,-49.0,147.0,0.0,2.0,-12.0,7.6,5.3,-6.4,0.3,0.36,0.81,-0.36,0.0,0.0,0.0
1752860643435,93.0,-50.0,143.0,-1.0,3.0,-11.0,6.1,6.8,-5.6,0.33,0.31,0.81,-0.36,0.0,0.0,0.0
1752860643493,88.0,-50.0,139.0,-3.0,2.0,-9.0,4.5,6.4,-4.5,0.36,0.24,0.83,-0.35,0.0,0.0,0.0
1752860643611,63.0,-43.0,128.0,-8.0,-2.0,-10.0,-1.6,3.1,-5.5,0.38,0.15,0.84,-0.34,0.0,0.0,0.0
1752860643658,52.0,-42.0,129.0,-8.0,-5.0,-10.0,-1.5,1.1,-5.0,0.46,-0.22,0.83,-0.23,0.0,0.0,0.0
1752860643801,359.0,-48.0,136.0,-8.0,-5.0,-8.0,-0.6,-1.1,-2.6,0.48,-0.3,0.81,-0.17,0.0,0.0,0.0
1752860643845,344.0,-52.0,137.0,-8.0,-5.0,-6.0,0.0,-1.2,-1.8,0.52,-0.5,0.69,0.07,0.0,0.0,0.0
1752860643884,329.0,-57.0,137.0,-8.0,-6.0,-6.0,-0.2,-2.0,-2.3,0.52,-0.53,0.66,0.13,0.0,0.0,0.0
1752860643924,319.0,-60.0,137.0,-8.0,-4.0,-4.0,0.2,-1.0,-0.7,0.53,-0.55,0.62,0.19,0.0,0.0,0.0
1752860643965,313.0,-62.0,134.0,-8.0,-6.0,-5.0,0.5,-2.6,-2.1,0.53,-0.57,0.59,0.23,0.0,0.0,0.0
1752860644214,295.0,-69.0,119.0,-3.0,-7.0,-4.0,10.9,-6.5,-3.2,0.54,-0.58,0.56,0.26,0.0,0.0,0.0
1752860644266,300.0,-60.0,112.0,1.0,-14.0,-5.0,9.3,-9.0,-3.3,0.55,-0.66,0.4,0.32,0.0,0.0,0.0
1752860644404,359.0,-35.0,132.0,-3.0,-5.0,-27.0,-2.0,2.8,-22.2,0.55,-0.67,0.41,0.28,0.0,0.0,0.0
1752860644457,287.0,-18.0,141.0,-11.0,1.0,-23.0,-9.4,6.2,-13.9,0.36,-0.58,0.72,-0.13,0.0,0.0,0.0
1752860644497,309.0,-5.0,146.0,-12.0,-0.0,-15.0,-10.5,3.4,-4.5,0.17,-0.41,0.86,-0.24,0.0,0.0,0.0
1752860644538,335.0,-0.0,146.0,-7.0,-9.0,-8.0,-5.3,-4.5,0.0,0.06,-0.2,0.94,-0.28,0.0,0.0,0.0
1752860644590,8.0,-6.0,147.0,-3.0,-10.0,-13.0,-1.2,-4.7,-4.6,0.03,0.02,0.96,-0.29,0.0,0.0,0.0
1752860644623,29.0,-16.0,150.0,-0.0,-11.0,-14.0,3.0,-5.9,-6.3,0.06,0.2,0.93,-0.28,0.0,0.0,0.0
1752860644764,63.0,-39.0,161.0,4.0,-0.0,-10.0,9.8,2.2,-2.6,0.1,0.34,0.89,-0.28,0.0,0.0,0.0
1752860644807,101.0,-43.0,161.0,2.0,2.0,-11.0,8.4,5.0,-4.0,0.24,0.48,0.79,-0.3,0.0,0.0,0.0
1752860644854,98.0,-47.0,157.0,0.0,3.0,-10.0,7.5,6.4,-4.3,0.28,0.44,0.79,-0.33,0.0,0.0,0.0
1752860644890,95.0,-50.0,151.0,-1.0,3.0,-11.0,6.2,6.5,-5.5,0.31,0.39,0.8,-0.34,0.0,0.0,0.0
1752860644938,92.0,-51.0,145.0,-2.0,3.0,-11.0,5.3,6.5,-6.2,0.34,0.33,0.81,-0.35,0.0,0.0,0.0
1752860644974,87.0,-50.0,140.0,-4.0,1.0,-10.0,3.3,5.4,-5.5,0.36,0.25,0.83,-0.35,0.0,0.0,0.0
1752860645109,58.0,-44.0,136.0,-7.0,-3.0,-9.0,-0.4,2.2,-3.5,0.38,0.16,0.85,-0.33,0.0,0.0,0.0
1752860645157,46.0,-43.0,136.0,-8.0,-4.0,-10.0,-1.1,0.5,-4.1,0.44,-0.18,0.85,-0.2,0.0,0.0,0.0
1752860645198,33.0,-43.0,137.0,-7.0,-5.0,-9.0,-0.3,0.1,-3.6,0.46,-0.29,0.83,-0.14,0.0,0.0,0.0
1752860645258,14.0,-45.0,140.0,-8.0,-6.0,-8.0,-1.0,-1.3,-2.8,0.47,-0.37,0.8,-0.08,0.0,0.0,0.0
1752860645983,354.0,-6.0,146.0,-5.0,-7.0,-7.0,-3.7,-2.1,1.1,0.08,-0.11,0.95,-0.29,0.0,0.0,0.0
1752860646128,19.0,-12.0,150.0,3.0,-4.0,-11.0,8.2,-1.4,-3.6,0.06,0.11,0.95,-0.27,0.0,0.0,0.0
1752860646280,92.0,-50.0,167.0,0.0,2.0,-10.0,7.6,3.2,-4.2,0.29,0.52,0.74,-0.3,0.0,0.0,0.0
1752860646419,90.0,-53.0,164.0,-1.0,2.0,-11.0,4.8,4.5,-5.9,0.32,0.5,0.74,-0.32,0.0,0.0,0.0
1752860646609,75.0,-54.0,140.0,-5.0,-1.0,-9.0,0.4,0.9,-5.9,0.41,0.21,0.82,-0.33,0.0,0.0,0.0
1752860646660,44.0,-46.0,138.0,-7.0,-5.0,-11.0,-0.0,-0.9,-4.8,0.45,-0.16,0.86,-0.19,0.0,0.0,0.0
1752860646796,348.0,-48.0,150.0,-9.0,-6.0,-9.0,-1.4,-2.8,-3.6,0.45,-0.25,0.85,-0.13,0.0,0.0,0.0
1752860646830,334.0,-51.0,152.0,-9.0,-5.0,-10.0,-0.9,-2.0,-4.6,0.46,-0.48,0.74,0.09,0.0,0.0,0.0
1752860646880,321.0,-55.0,155.0,-8.0,-6.0,-8.0,0.6,-3.3,-3.5,0.46,-0.51,0.71,0.15,0.0,0.0,0.0
1752860646913,308.0,-60.0,156.0,-5.0,-4.0,-8.0,3.4,-2.3,-3.2,0.46,-0.54,0.67,0.21,0.0,0.0,0.0
1752860647064,300.0,-63.0,114.0,2.0,-8.0,-5.0,11.1,-3.9,-3.2,0.49,-0.56,0.62,0.26,0.0,0.0,0.0
1752860647110,305.0,-58.0,109.0,3.0,-10.0,-6.0,11.3,-5.3,-3.9,0.57,-0.65,0.4,0.3,0.0,0.0,0.0
1752860647265,358.0,-35.0,118.0,-2.0,-7.0,-22.0,1.3,1.7,-17.9,0.55,-0.66,0.51,0.01,0.0,0.0,0.0
1752860647298,37.0,-24.0,127.0,-12.0,0.0,-23.0,-8.1,7.4,-17.0,0.48,-0.61,0.62,-0.12,0.0,0.0,0.0
1752860647432,2.0,-18.0,145.0,-5.0,-11.0,-13.0,-1.9,-5.5,-5.0,0.35,-0.51,0.75,-0.23,0.0,0.0,0.0
1752860647493,25.0,-28.0,146.0,-3.0,-3.0,-15.0,2.3,1.5,-7.5,0.18,0.16,0.92,-0.31,0.0,0.0,0.0
1752860647625,90.0,-51.0,166.0,2.0,1.0,-10.0,9.7,2.3,-4.1,0.21,0.31,0.87,-0.32,0.0,0.0,0.0
1752860647665,88.0,-55.0,168.0,0.0,1.0,-10.0,8.5,2.0,-4.7,0.34,0.51,0.72,-0.33,0.0,0.0,0.0
1752860647716,86.0,-60.0,167.0,0.0,2.0,-10.0,9.0,3.4,-5.3,0.36,0.51,0.7,-0.34,0.0,0.0,0.0
1752860647756,86.0,-62.0,162.0,-1.0,2.0,-10.0,7.5,3.5,-5.6,0.39,0.47,0.71,-0.36,0.0,0.0,0.0
1752860647797,87.0,-62.0,152.0,-2.0,2.0,-11.0,6.2,4.7,-6.9,0.39,0.43,0.72,-0.37,0.0,0.0,0.0
1752860647933,78.0,-54.0,135.0,-7.0,-2.0,-9.0,1.3,2.2,-5.0,0.39,0.38,0.75,-0.38,0.0,0.0,0.0
1752860647981,73.0,-51.0,133.0,-7.0,-2.0,-10.0,0.6,2.2,-5.5,0.43,0.1,0.84,-0.32,0.0,0.0,0.0
1752860648020,65.0,-48.0,133.0,-7.0,-5.0,-8.0,-0.3,-0.2,-3.7,0.44,0.01,0.85,-0.29,0.0,0.0,0.0
1752860648067,55.0,-45.0,135.0,-7.0,-5.0,-9.0,-0.6,-0.6,-3.5,0.44,-0.09,0.86,-0.24,0.0,0.0,0.0
1752860648106,44.0,-44.0,136.0,-8.0,-7.0,-7.0,-1.3,-2.2,-1.7,0.45,-0.21,0.85,-0.18,0.0,0.0,0.0
1752860648146,31.0,-45.0,138.0,-8.0,-6.0,-8.0,-1.0,-0.4,-3.4,0.47,-0.28,0.83,-0.13,0.0,0.0,0.0
1752860648191,14.0,-47.0,140.0,-9.0,-6.0,-10.0,-1.8,-1.8,-4.6,0.48,-0.34,0.8,-0.07,0.0,0.0,0.0
1752860648224,358.0,-50.0,143.0,-9.0,-7.0,-8.0,-1.7,-3.0,-3.0,0.49,-0.39,0.78,-0.01,0.0,0.0,0.0
1752860648378,316.0,-64.0,138.0,-9.0,3.0,-6.0,0.2,6.1,-2.8,0.5,-0.44,0.75,0.05,0.0,0.0,0.0
1752860648418,311.0,-66.0,126.0,-5.0,-7.0,-5.0,4.3,-3.8,-3.1,0.56,-0.55,0.58,0.24,0.0,0.0,0.0
1752860648456,307.0,-66.0,114.0,-2.0,-6.0,-4.0,7.5,-2.1,-3.2,0.58,-0.57,0.51,0.29,0.0,0.0,0.0
1752860648503,305.0,-64.0,101.0,1.0,-6.0,-4.0,9.7,-1.8,-3.1,0.6,-0.59,0.45,0.31,0.0,0.0,0.0
1752860648634,324.0,-44.0,99.0,6.0,-11.0,-9.0,12.2,-3.8,-7.4,0.61,-0.61,0.4,0.32,0.0,0.0,0.0
1752860648688,339.0,-37.0,102.0,5.0,-8.0,-16.0,9.4,0.4,-15.2,0.64,-0.68,0.34,0.14,0.0,0.0,0.0
1752860648828,79.0,-14.0,128.0,-16.0,-1.0,-17.0,-13.9,6.2,-11.2,0.38,-0.53,0.71,-0.26,0.0,0.0,0.0
1752860648869,104.0,-11.0,133.0,-13.0,-8.0,-8.0,-11.0,-1.1,-0.6,0.25,-0.35,0.84,-0.32,0.0,0.0,0.0
1752860649055,110.0,-40.0,154.0,0.0,-6.0,-11.0,7.8,-0.8,-5.2,0.23,0.42,0.82,-0.32,0.0,0.0,0.0
1752860649088,103.0,-48.0,158.0,1.0,-1.0,-12.0,8.8,1.6,-6.4,0.26,0.48,0.77,-0.34,0.0,0.0,0.0
1752860649134,99.0,-53.0,159.0,1.0,1.0,-12.0,8.9,2.8,-6.7,0.3,0.5,0.73,-0.35,0.0,0.0,0.0
1752860649278,93.0,-63.0,144.0,-3.0,2.0,-11.0,5.8,5.1,-7.3,0.33,0.5,0.71,-0.37,0.0,0.0,0.0
1752860649322,90.0,-62.0,135.0,-4.0,1.0,-9.0,5.0,5.0,-5.6,0.41,0.34,0.74,-0.41,0.0,0.0,0.0
1752860649489,86.0,-58.0,127.0,-5.0,-1.0,-8.0,-0.4,0.6,-4.2,0.42,0.26,0.77,-0.4,0.0,0.0,0.0
1752860649511,64.0,-46.0,124.0,-8.0,-5.0,-8.0,-0.8,0.5,-4.6,0.47,-0.1,0.83,-0.29,0.0,0.0,0.0
1752860649543,54.0,-44.0,126.0,-8.0,-6.0,-9.0,-1.5,0.2,-4.7,0.48,-0.19,0.82,-0.24,0.0,0.0,0.0
1752860649587,38.0,-43.0,129.0,-8.0,-6.0,-8.0,-1.7,-0.6,-4.0,0.49,-0.28,0.81,-0.19,0.0,0.0,0.0
1752860649630,23.0,-45.0,131.0,-10.0,-6.0,-8.0,-3.0,-0.6,-3.7,0.5,-0.35,0.78,-0.12,0.0,0.0,0.0
1752860649880,311.0,-66.0,116.0,-3.0,-8.0,-5.0,6.1,-3.9,-3.2,0.52,-0.4,0.75,-0.05,0.0,0.0,0.0
1752860650484,62.0,-40.0,-178.0,-0.0,-7.0,-16.0,6.5,-7.3,-8.3,0.29,0.46,0.82,-0.16,0.0,0.0,0.0
1752860650623,65.0,-63.0,-159.0,-1.0,4.0,-10.0,8.3,2.3,-6.4,0.34,0.53,0.76,-0.19,0.0,0.0,0.0
1752860650771,64.0,-74.0,-136.0,1.0,4.0,-7.0,10.3,1.6,-4.8,0.48,0.57,0.59,-0.31,0.0,0.0,0.0
1752860650812,64.0,-75.0,-141.0,0.0,2.0,-6.0,9.6,0.2,-3.9,0.53,0.52,0.58,-0.34,0.0,0.0,0.0
1752860650846,66.0,-75.0,-155.0,-1.0,0.0,-7.0,8.4,-0.5,-4.8,0.52,0.49,0.61,-0.34,0.0,0.0,0.0
1752860650895,70.0,-74.0,174.0,-2.0,-1.0,-9.0,6.9,-0.8,-6.2,0.5,0.45,0.65,-0.35,0.0,0.0,0.0
1752860650945,76.0,-69.0,150.0,-4.0,-2.0,-11.0,3.6,0.0,-7.6,0.47,0.39,0.71,-0.36,0.0,0.0,0.0
1752860651093,84.0,-58.0,135.0,-7.0,-4.0,-11.0,-4.4,0.8,-8.7,0.42,0.28,0.78,-0.37,0.0,0.0,0.0
1752860651239,15.0,-39.0,142.0,-8.0,-10.0,-14.0,-1.5,-5.0,-8.0,0.42,-0.43,0.79,-0.08,0.0,0.0,0.0
1752860651387,306.0,-66.0,130.0,-1.0,-10.0,-8.0,8.7,-8.8,-7.5,0.47,-0.49,0.74,0.02,0.0,0.0,0.0
1752860651627,295.0,-68.0,114.0,10.0,-8.0,-11.0,13.5,0.7,-8.5,0.55,-0.6,0.46,0.35,0.0,0.0,0.0
1752860651667,359.0,-18.0,104.0,8.0,-9.0,-16.0,11.4,0.1,-13.8,0.62,-0.75,0.24,0.02,0.0,0.0,0.0
1752860651712,14.0,-13.0,108.0,6.0,-9.0,-25.0,-0.3,1.0,-23.8,0.59,-0.76,0.28,-0.07,0.0,0.0,0.0
1752860651761,30.0,-10.0,114.0,-5.0,-14.0,-29.0,-19.7,-21.7,-16.5,0.53,-0.76,0.36,-0.14,0.0,0.0,0.0
1752860651792,54.0,-13.0,126.0,-17.0,-3.0,-22.0,-14.6,4.1,-16.6,0.44,-0.68,0.56,-0.19,0.0,0.0,0.0
1752860651836,87.0,-9.0,132.0,-19.0,-4.0,-15.0,-15.4,1.1,-4.5,0.33,-0.55,0.72,-0.27,0.0,0.0,0.0
1752860651986,26.0,-25.0,151.0,-2.0,-6.0,-12.0,2.4,-2.1,-4.2,0.16,0.17,0.93,-0.28,0.0,0.0,0.0
1752860652240,68.0,-54.0,-179.0,1.0,2.0,-10.0,8.5,2.6,-4.3,0.19,0.32,0.89,-0.26,0.0,0.0,0.0
1752860652273,68.0,-57.0,178.0,-1.0,4.0,-10.0,7.5,4.0,-4.3,0.39,0.47,0.74,-0.27,0.0,0.0,0.0
1752860652321,68.0,-59.0,168.0,-3.0,5.0,-8.0,6.6,4.9,-6.3,0.41,0.41,0.76,-0.28,0.0,0.0,0.0
1752860652370,67.0,-59.0,160.0,-4.0,3.0,-9.0,3.9,6.0,-3.9,0.42,0.32,0.8,-0.28,0.0,0.0,0.0
1752860652402,64.0,-56.0,150.0,-7.0,2.0,-9.0,0.7,5.4,-4.1,0.43,0.23,0.83,-0.27,0.0,0.0,0.0
1752860652653,15.0,-49.0,133.0,-6.0,-7.0,-7.0,1.0,-2.6,-2.5,0.43,0.12,0.85,-0.26,0.0,0.0,0.0
1752860652686,5.0,-51.0,130.0,-6.0,-7.0,-9.0,1.1,-2.3,-4.8,0.54,-0.4,0.74,-0.03,0.0,0.0,0.0
1752860652736,356.0,-51.0,126.0,-5.0,-7.0,-6.0,3.4,-2.8,-2.7,0.56,-0.46,0.69,0.01,0.0,0.0,0.0
1752860652783,347.0,-52.0,122.0,-4.0,-7.0,-5.0,3.7,-2.4,-2.0,0.58,-0.52,0.63,0.06,0.0,0.0,0.0
1752860652825,335.0,-54.0,123.0,-4.0,-6.0,-6.0,3.3,-1.5,-2.0,0.57,-0.56,0.59,0.11,0.0,0.0,0.0
1752860652862,330.0,-53.0,121.0,-5.0,-7.0,-5.0,3.8,-2.1,-2.3,0.57,-0.6,0.54,0.15,0.0,0.0,0.0
1752860653002,326.0,-45.0,123.0,1.0,-11.0,-4.0,8.8,-4.7,-2.0,0.53,-0.64,0.52,0.16,0.0,0.0,0.0
1752860653053,332.0,-41.0,113.0,2.0,-9.0,-6.0,8.6,-2.0,-3.3,0.56,-0.7,0.41,0.15,0.0,0.0,0.0
1752860653088,340.0,-37.0,108.0,6.0,-13.0,-5.0,11.6,-5.4,-2.3,0.61,-0.7,0.37,0.12,0.0,0.0,0.0
1752860653334,353.0,-33.0,108.0,7.0,-9.0,-19.0,-4.3,-10.5,-0.5,0.61,-0.69,0.39,0.06,0.0,0.0,0.0
1752860653377,21.0,-23.0,158.0,-4.0,-13.0,-13.0,0.5,-10.3,-4.5,0.17,0.18,0.95,-0.22,0.0,0.0,0.0
1752860653528,62.0,-48.0,-168.0,1.0,-1.0,-12.0,9.0,-1.6,-4.7,0.2,0.37,0.88,-0.2,0.0,0.0,0.0
1752860653566,60.0,-53.0,-160.0,3.0,3.0,-9.0,11.4,2.3,-4.3,0.4,0.62,0.63,-0.23,0.0,0.0,0.0
1752860653602,59.0,-57.0,-151.0,4.0,6.0,-10.0,12.7,3.0,-6.4,0.44,0.63,0.59,-0.25,0.0,0.0,0.0
1752860653645,57.0,-59.0,-142.0,5.0,5.0,-10.0,13.4,1.6,-6.3,0.48,0.63,0.56,-0.26,0.0,0.0,0.0
1752860653691,56.0,-61.0,-141.0,3.0,-0.0,-7.0,11.2,-3.5,-2.1,0.49,0.61,0.56,-0.26,0.0,0.0,0.0
1752860653748,62.0,-66.0,-152.0,-0.0,2.0,-7.0,9.0,0.3,-3.9,0.49,0.57,0.6,-0.28,0.0,0.0,0.0
1752860653995,65.0,-43.0,131.0,-8.0,-6.0,-13.0,-1.4,-2.3,-8.2,0.47,0.51,0.65,-0.32,0.0,0.0,0.0
1752860654030,50.0,-42.0,135.0,-8.0,-8.0,-13.0,-1.3,-3.2,-7.8,0.44,-0.2,0.85,-0.21,0.0,0.0,0.0
1752860654065,32.0,-43.0,138.0,-8.0,-9.0,-14.0,-1.0,-0.6,-4.4,0.46,-0.3,0.83,-0.13,0.0,0.0,0.0
1752860654117,21.0,-41.0,139.0,-8.0,-14.0,-12.0,-0.5,-5.5,-7.3,0.46,-0.4,0.79,-0.09,0.0,0.0,0.0
1752860654147,1.0,-41.0,143.0,-2.0,-7.0,-11.0,4.1,-3.0,-5.0,0.45,-0.48,0.75,-0.01,0.0,0.0,0.0
1752860654185,344.0,-48.0,142.0,-4.0,-11.0,-6.0,3.4,-7.1,-1.1,0.47,-0.52,0.72,0.04,0.0,0.0,0.0
1752860654336,312.0,-64.0,123.0,-3.0,-6.0,-4.0,5.8,-2.6,-3.2,0.5,-0.54,0.67,0.12,0.0,0.0,0.0
1752860654489,320.0,-48.0,111.0,4.0,-9.0,-6.0,10.3,-2.6,-4.1,0.58,-0.68,0.39,0.21,0.0,0.0,0.0
1752860654527,330.0,-40.0,112.0,6.0,-11.0,-8.0,0.0,0.0,0.0,0.58,-0.71,0.37,0.15,0.0,0.0,0.0
1752860654675,47.0,-13.0,120.0,-7.0,-2.0,-26.0,-5.2,7.3,-20.0,0.57,-0.73,0.37,0.08,0.0,0.0,0.0
1752860654725,83.0,-8.0,128.0,-11.0,-2.0,-20.0,-11.1,4.5,-14.6,0.33,-0.56,0.7,-0.29,0.0,0.0,0.0
1752860655329,69.0,-58.0,155.0,-6.0,-1.0,-9.0,2.7,2.9,-3.5,0.42,0.31,0.8,-0.29,0.0,0.0,0.0
1752860655363,68.0,-52.0,145.0,-6.0,-3.0,-8.0,1.4,0.9,-3.4,0.41,0.18,0.85,-0.28,0.0,0.0,0.0
1752860655397,65.0,-48.0,142.0,-7.0,-5.0,-8.0,0.3,-0.5,-2.6,0.41,0.08,0.87,-0.27,0.0,0.0,0.0
1752860655443,58.0,-46.0,140.0,-8.0,-5.0,-8.0,-1.3,-0.9,-2.3,0.42,-0.02,0.88,-0.24,0.0,0.0,0.0
1752860655602,29.0,-44.0,134.0,-8.0,-9.0,-5.0,-1.2,-4.4,-0.3,0.43,-0.11,0.87,-0.22,0.0,0.0,0.0
1752860655637,18.0,-46.0,133.0,-8.0,-7.0,-7.0,-0.9,-2.1,-3.2,0.5,-0.37,0.78,-0.09,0.0,0.0,0.0
1752860655671,8.0,-49.0,131.0,-7.0,-6.0,-8.0,0.7,-0.7,-3.8,0.53,-0.41,0.74,-0.04,0.0,0.0,0.0
1752860655712,354.0,-53.0,129.0,-7.0,-7.0,-7.0,1.0,-2.1,-3.4,0.55,-0.44,0.7,0.01,0.0,0.0,0.0
1752860655852,324.0,-58.0,134.0,-6.0,-5.0,-7.0,2.8,-1.3,-3.0,0.57,-0.47,0.67,0.07,0.0,0.0,0.0
1752860655899,316.0,-60.0,134.0,-4.0,-6.0,-6.0,4.0,-2.1,-2.1,0.53,-0.57,0.59,0.21,0.0,0.0,0.0
1752860656047,316.0,-53.0,124.0,5.0,-12.0,-6.0,13.2,-6.9,-3.8,0.53,-0.59,0.56,0.23,0.0,0.0,0.0
1752860656087,323.0,-50.0,122.0,9.0,-17.0,-8.0,16.2,-11.0,-4.7,0.54,-0.67,0.48,0.18,0.0,0.0,0.0
1752860656128,343.0,-42.0,122.0,12.0,-14.0,-15.0,16.6,-5.6,-13.7,0.54,-0.67,0.5,0.11,0.0,0.0,0.0
1752860656174,7.0,-34.0,122.0,6.0,-5.0,-31.0,8.1,4.8,-26.8,0.53,-0.62,0.57,-0.03,0.0,0.0,0.0
1752860656209,53.0,-22.0,128.0,-9.0,9.0,-31.0,-5.8,16.2,-24.9,0.45,-0.55,0.68,-0.17,0.0,0.0,0.0
1752860656254,312.0,-12.0,137.0,-15.0,-0.0,-18.0,-13.7,5.8,-10.7,0.29,-0.42,0.81,-0.28,0.0,0.0,0.0
1752860656289,341.0,-7.0,149.0,-13.0,-9.0,-10.0,-11.4,-4.7,-1.6,0.13,-0.22,0.93,-0.27,0.0,0.0,0.0
1752860656442,69.0,-26.0,176.0,0.0,-7.0,-15.0,5.0,-8.2,-5.6,0.06,0.03,0.97,-0.22,0.0,0.0,0.0
1752860656594,84.0,-30.0,-174.0,6.0,2.0,-9.0,12.2,0.9,-2.8,0.23,0.65,0.72,-0.13,0.0,0.0,0.0
1752860656732,71.0,-56.0,-167.0,-0.0,3.0,-8.0,7.8,2.8,-2.4,0.39,0.61,0.64,-0.27,0.0,0.0,0.0
1752860656782,78.0,-58.0,178.0,-1.0,2.0,-9.0,6.8,2.7,-4.0,0.38,0.55,0.68,-0.3,0.0,0.0,0.0
1752860656823,83.0,-57.0,165.0,-3.0,0.0,-10.0,4.9,1.5,-5.0,0.36,0.46,0.74,-0.32,0.0,0.0,0.0
1752860656862,88.0,-53.0,151.0,-4.0,-3.0,-10.0,3.3,0.7,-5.1,0.35,0.37,0.79,-0.34,0.0,0.0,0.0
1752860656911,89.0,-47.0,143.0,-5.0,-4.0,-10.0,1.6,0.4,-4.6,0.34,0.27,0.83,-0.34,0.0,0.0,0.0
1752860656948,89.0,-42.0,139.0,-5.0,-3.0,-14.0,1.5,1.9,-7.9,0.34,0.15,0.87,-0.33,0.0,0.0,0.0
1752860657083,49.0,-31.0,144.0,-6.0,-6.0,-15.0,-0.9,-1.5,-8.2,0.33,0.03,0.89,-0.3,0.0,0.0,0.0
1752860657132,26.0,-34.0,148.0,-5.0,-8.0,-11.0,1.0,-3.2,-4.4,0.37,-0.39,0.84,-0.1,0.0,0.0,0.0
1752860657173,3.0,-38.0,150.0,-4.0,-7.0,-12.0,2.5,-2.7,-5.4,0.4,-0.46,0.79,-0.01,0.0,0.0,0.0
1752860657216,344.0,-44.0,152.0,-4.0,-6.0,-11.0,3.4,-3.0,-5.1,0.42,-0.51,0.75,0.06,0.0,0.0,0.0
1752860657366,306.0,-61.0,133.0,-2.0,-6.0,-6.0,6.9,-2.7,-2.8,0.44,-0.54,0.7,0.13,0.0,0.0,0.0
1752860657398,303.0,-61.0,122.0,0.0,-8.0,-5.0,8.5,-3.7,-2.6,0.53,-0.63,0.49,0.28,0.0,0.0,0.0
1752860657642,327.0,-39.0,103.0,-0.0,-5.0,-30.0,3.3,3.1,-26.7,0.61,-0.7,0.3,0.2,0.0,0.0,0.0
1752860657891,45.0,-28.0,163.0,-5.0,-11.0,-16.0,1.5,-10.1,-8.6,0.51,-0.66,0.52,-0.15,0.0,0.0,0.0
1752860657946,65.0,-37.0,174.0,1.0,-6.0,-15.0,8.4,-5.4,-7.4,0.24,0.51,0.8,-0.21,0.0,0.0,0.0
1752860658094,62.0,-54.0,-157.0,4.0,4.0,-10.0,11.7,1.8,-4.7,0.41,0.64,0.6,-0.25,0.0,0.0,0.0
1752860658129,64.0,-58.0,-154.0,3.0,4.0,-8.0,11.6,2.1,-2.6,0.43,0.63,0.59,-0.27,0.0,0.0,0.0
1752860658264,73.0,-67.0,179.0,-3.0,1.0,-8.0,6.0,1.5,-4.0,0.45,0.6,0.59,-0.29,0.0,0.0,0.0
1752860658403,76.0,-56.0,140.0,-8.0,-3.0,-9.0,0.4,1.5,-4.4,0.44,0.44,0.71,-0.33,0.0,0.0,0.0
1752860658446,72.0,-50.0,135.0,-9.0,-5.0,-10.0,-1.4,-0.0,-5.0,0.42,0.1,0.85,-0.31,0.0,0.0,0.0
1752860658594,35.0,-43.0,134.0,-7.0,-8.0,-10.0,-0.4,-3.2,-4.9,0.43,-0.02,0.86,-0.28,0.0,0.0,0.0
1752860658636,19.0,-46.0,134.0,-8.0,-8.0,-10.0,-0.4,-3.5,-5.3,0.5,-0.37,0.78,-0.08,0.0,0.0,0.0
1752860658881,334.0,-54.0,127.0,-5.0,-8.0,-6.0,7.0,-2.4,-4.4,0.52,-0.44,0.73,-0.03,0.0,0.0,0.0
1752860658932,315.0,-58.0,105.0,0.0,-7.0,-5.0,9.0,-0.8,-3.4,0.61,-0.61,0.44,0.25,0.0,0.0,0.0
1752860658963,315.0,-55.0,102.0,2.0,-8.0,-5.0,9.9,-2.7,-4.8,0.61,-0.62,0.41,0.25,0.0,0.0,0.0
1752860659008,319.0,-51.0,104.0,3.0,-13.0,-6.0,10.6,-6.4,-4.5,0.61,-0.65,0.39,0.24,0.0,0.0,0.0
1752860659052,325.0,-46.0,107.0,7.0,-15.0,-8.0,14.1,-6.8,-6.4,0.6,-0.67,0.38,0.2,0.0,0.0,0.0
1752860659103,343.0,-40.0,110.0,7.0,-9.0,-19.0,13.4,-1.8,-15.9,0.6,-0.67,0.42,0.11,0.0,0.0,0.0
1752860659446,24.0,-22.0,162.0,-2.0,-8.0,-17.0,8.6,-0.8,-6.4,0.58,-0.65,0.49,0.01,0.0,0.0,0.0
1752860659498,61.0,-46.0,-174.0,3.0,8.0,-8.0,10.4,6.3,-1.4,0.34,0.55,0.74,-0.2,0.0,0.0,0.0
1752860660470,307.0,-64.0,126.0,2.0,-10.0,-5.0,10.2,-4.7,-3.5,0.55,-0.59,0.53,0.27,0.0,0.0,0.0
1752860660518,316.0,-54.0,107.0,4.0,-10.0,-7.0,11.5,-4.2,-5.7,0.6,-0.64,0.42,0.25,0.0,0.0,0.0
1752860660554,326.0,-48.0,107.0,5.0,-10.0,-12.0,11.7,-2.6,-12.4,0.61,-0.65,0.42,0.2,0.0,0.0,0.0
1752860660705,58.0,-21.0,133.0,-13.0,-1.0,-19.0,-10.4,4.8,-11.6,0.41,-0.53,0.72,-0.19,0.0,0.0,0.0
1752860660756,325.0,-16.0,144.0,-15.0,-7.0,-10.0,-11.5,-4.6,-1.5,0.25,-0.33,0.87,-0.25,0.0,0.0,0.0
1752860660906,51.0,-37.0,173.0,2.0,-2.0,-13.0,6.0,-6.2,-5.0,0.25,0.38,0.87,-0.19,0.0,0.0,0.0
1752860661151,64.0,-66.0,-180.0,-1.0,5.0,-8.0,8.0,4.7,-4.1,0.46,0.46,0.7,-0.29,0.0,0.0,0.0
1752860661303,59.0,-62.0,147.0,-6.0,-0.0,-8.0,2.9,2.3,-4.8,0.47,0.4,0.73,-0.29,0.0,0.0,0.0
1752860661347,55.0,-58.0,144.0,-7.0,-4.0,-10.0,1.1,-1.1,-5.5,0.48,0.12,0.84,-0.25,0.0,0.0,0.0
1752860661390,47.0,-53.0,145.0,-8.0,-6.0,-9.0,-0.6,-2.9,-3.9,0.46,0.01,0.86,-0.2,0.0,0.0,0.0
1752860661541,16.0,-46.0,146.0,-9.0,-6.0,-9.0,-1.4,-2.5,-3.5,0.45,-0.08,0.88,-0.17,0.0,0.0,0.0
1752860661578,3.0,-47.0,146.0,-7.0,-4.0,-10.0,-0.1,-0.5,-4.3,0.46,-0.38,0.8,-0.01,0.0,0.0,0.0
1752860661622,352.0,-49.0,146.0,-7.0,-5.0,-10.0,0.0,-2.0,-4.0,0.48,-0.44,0.76,0.03,0.0,0.0,0.0
1752860661667,337.0,-52.0,145.0,-8.0,-6.0,-8.0,0.0,-2.8,-3.6,0.49,-0.49,0.71,0.09,0.0,0.0,0.0
1752860661699,327.0,-55.0,143.0,-8.0,-5.0,-8.0,0.0,0.0,0.0,0.5,-0.53,0.67,0.14,0.0,0.0,0.0
1752860661851,299.0,-65.0,129.0,-1.0,-6.0,-6.0,8.6,-2.4,-3.6,0.51,-0.56,0.63,0.18,0.0,0.0,0.0
1752860661902,295.0,-65.0,122.0,2.0,-10.0,-7.0,10.3,-5.9,-4.4,0.53,-0.63,0.46,0.33,0.0,0.0,0.0
1752860661935,297.0,-60.0,118.0,3.0,-12.0,-8.0,11.1,-7.9,-6.1,0.53,-0.66,0.42,0.33,0.0,0.0,0.0
1752860661983,306.0,-54.0,117.0,5.0,-13.0,-10.0,12.7,-7.9,-7.2,0.53,-0.69,0.4,0.29,0.0,0.0,0.0
1752860662015,322.0,-46.0,119.0,9.0,-10.0,-14.0,15.6,-3.8,-10.5,0.54,-0.7,0.41,0.21,0.0,0.0,0.0
1752860662159,303.0,-17.0,141.0,-16.0,1.0,-17.0,-14.3,3.6,-6.8,0.54,-0.7,0.46,0.1,0.0,0.0,0.0
1752860662317,47.0,-27.0,174.0,-1.0,-9.0,-18.0,4.2,-9.1,-8.7,0.18,0.35,0.91,-0.13,0.0,0.0,0.0
1752860662661,56.0,-67.0,-160.0,-2.0,4.0,-10.0,7.0,3.1,-6.3,0.5,0.5,0.65,-0.26,0.0,0.0,0.0
1752860662904,37.0,-52.0,145.0,-9.0,-6.0,-10.0,-1.0,-2.1,-5.2,0.49,0.44,0.7,-0.27,0.0,0.0,0.0
1752860662948,21.0,-50.0,147.0,-9.0,-7.0,-11.0,-1.3,-4.5,-3.4,0.47,-0.19,0.86,-0.1,0.0,0.0,0.0
1752860663097,5.0,-50.0,150.0,-5.0,-4.0,-11.0,4.1,-1.1,-2.1,0.47,-0.31,0.83,-0.02,0.0,0.0,0.0
1752860663458,302.0,-58.0,116.0,4.0,-10.0,-12.0,11.5,-3.8,-8.5,0.54,-0.67,0.41,0.3,0.0,0.0,0.0
1752860663509,324.0,-43.0,121.0,3.0,-12.0,-20.0,9.4,-5.3,-15.3,0.53,-0.72,0.41,0.17,0.0,0.0,0.0
1752860663639,349.0,-34.0,127.0,1.0,-8.0,-22.0,-12.1,7.0,-14.2,0.5,-0.72,0.47,0.08,0.0,0.0,0.0
1752860663681,329.0,-16.0,142.0,-17.0,-3.0,-13.0,-14.0,1.3,-3.7,0.22,-0.25,0.9,-0.27,0.0,0.0,0.0
1752860663726,1.0,-18.0,154.0,-14.0,-10.0,-7.0,-9.5,-10.0,2.3,0.16,0.01,0.96,-0.22,0.0,0.0,0.0
1752860663774,35.0,-25.0,172.0,-6.0,-16.0,-12.0,-1.8,-15.4,-3.6,0.17,0.24,0.95,-0.14,0.0,0.0,0.0
1752860663849,57.0,-29.0,-175.0,-1.0,-14.0,-14.0,3.9,-15.3,-5.8,0.23,0.43,0.87,-0.1,0.0,0.0,0.0
1752860664050,53.0,-62.0,-154.0,1.0,5.0,-9.0,9.1,2.7,-4.4,0.28,0.54,0.79,-0.09,0.0,0.0,0.0
1752860664102,54.0,-65.0,-158.0,-1.0,4.0,-8.0,8.1,2.2,-4.4,0.49,0.5,0.67,-0.25,0.0,0.0,0.0
1752860664353,55.0,-69.0,-170.0,-7.0,-2.0,-8.0,0.6,-0.7,-3.9,0.5,0.43,0.7,-0.26,0.0,0.0,0.0
1752860664596,337.0,-47.0,150.0,-5.0,-6.0,-7.0,2.5,-3.1,-1.7,0.44,-0.53,0.72,0.09,0.0,0.0,0.0
1752860664643,323.0,-51.0,151.0,-6.0,-7.0,-7.0,1.5,-3.7,-2.1,0.45,-0.56,0.68,0.14,0.0,0.0,0.0
1752860664695,312.0,-54.0,150.0,-6.0,-5.0,-7.0,2.1,-2.2,-2.9,0.45,-0.59,0.64,0.19,0.0,0.0,0.0
1752860664736,306.0,-58.0,147.0,-5.0,-5.0,-8.0,3.9,-2.1,-2.8,0.47,-0.61,0.59,0.24,0.0,0.0,0.0
1752860664974,335.0,-40.0,127.0,9.0,-9.0,-18.0,15.0,-2.6,-13.7,0.49,-0.69,0.46,0.28,0.0,0.0,0.0
1752860665025,2.0,-31.0,127.0,4.0,-5.0,-27.0,8.4,1.6,-21.7,0.5,-0.69,0.52,0.02,0.0,0.0,0.0
1752860665061,36.0,-22.0,130.0,-5.0,-1.0,-26.0,-1.3,5.5,-19.7,0.45,-0.64,0.61,-0.11,0.0,0.0,0.0
1752860665211,1.0,-19.0,149.0,-9.0,-17.0,-10.0,-4.7,-12.7,-2.4,0.35,-0.53,0.74,-0.22,0.0,0.0,0.0
1752860665344,51.0,-52.0,-161.0,7.0,1.0,-14.0,12.3,-3.9,-10.7,0.22,0.22,0.92,-0.24,0.0,0.0,0.0
1752860665496,44.0,-59.0,-128.0,2.0,4.0,-6.0,9.9,0.3,-3.2,0.54,0.6,0.55,-0.22,0.0,0.0,0.0
1752860665529,46.0,-62.0,-128.0,-0.0,4.0,-6.0,8.7,1.5,-3.7,0.55,0.57,0.56,-0.23,0.0,0.0,0.0
1752860665716,54.0,-72.0,160.0,-6.0,-3.0,-9.0,2.8,-1.6,-6.4,0.53,0.31,0.74,-0.28,0.0,0.0,0.0
1752860665857,42.0,-51.0,140.0,-8.0,-6.0,-14.0,-0.4,-1.8,-9.6,0.52,0.21,0.78,-0.26,0.0,0.0,0.0
1752860666662,333.0,-9.0,146.0,0.0,-8.0,-16.0,4.9,-6.1,-7.6,0.18,-0.28,0.9,-0.28,0.0,0.0,0.0
1752860666708,61.0,-36.0,171.0,0.0,-7.0,-16.0,6.8,-6.5,-7.9,0.22,0.45,0.84,-0.21,0.0,0.0,0.0
1752860666855,74.0,-45.0,-179.0,1.0,3.0,-7.0,9.2,0.4,-2.0,0.31,0.55,0.74,-0.22,0.0,0.0,0.0
1752860667001,63.0,-70.0,-142.0,-1.0,4.0,-7.0,8.1,2.5,-3.9,0.51,0.56,0.57,-0.32,0.0,0.0,0.0
1752860667047,64.0,-71.0,-150.0,-1.0,5.0,-8.0,7.3,2.7,-5.3,0.51,0.54,0.59,-0.32,0.0,0.0,0.0
1752860667092,64.0,-72.0,-161.0,-3.0,2.0,-9.0,5.2,0.6,-6.1,0.51,0.49,0.63,-0.31,0.0,0.0,0.0
1752860667126,62.0,-72.0,-175.0,-4.0,0.0,-10.0,4.9,0.5,-6.1,0.51,0.43,0.68,-0.3,0.0,0.0,0.0
1752860667177,60.0,-69.0,165.0,-3.0,-0.0,-11.0,5.7,0.9,-7.1,0.5,0.36,0.73,-0.29,0.0,0.0,0.0
1752860667210,58.0,-65.0,153.0,-6.0,-4.0,-10.0,2.4,-1.7,-6.6,0.49,0.27,0.78,-0.28,0.0,0.0,0.0
1752860667363,34.0,-49.0,142.0,-10.0,-6.0,-11.0,-3.3,-1.8,-7.5,0.48,0.16,0.82,-0.25,0.0,0.0,0.0
1752860667405,23.0,-48.0,142.0,-10.0,-4.0,-14.0,-2.4,-0.1,-8.5,0.48,-0.27,0.83,-0.09,0.0,0.0,0.0
1752860667449,4.0,-48.0,143.0,-9.0,-8.0,-13.0,-1.5,-4.8,-7.1,0.48,-0.37,0.79,-0.03,0.0,0.0,0.0
1752860667500,346.0,-51.0,145.0,-8.0,-9.0,-11.0,-0.1,-4.5,-6.5,0.49,-0.46,0.74,0.06,0.0,0.0,0.0
1752860667529,329.0,-55.0,146.0,-8.0,-7.0,-11.0,-0.0,-3.7,-6.9,0.5,-0.51,0.69,0.14,0.0,0.0,0.0
1752860667598,311.0,-61.0,144.0,-7.0,-8.0,-9.0,1.6,-5.5,-5.5,0.5,-0.55,0.63,0.21,0.0,0.0,0.0
1752860667616,298.0,-65.0,138.0,-5.0,-6.0,-9.0,3.8,-3.3,-6.2,0.5,-0.6,0.56,0.29,0.0,0.0,0.0
1752860667866,294.0,-56.0,99.0,9.0,-17.0,-8.0,14.0,-6.2,-7.0,0.56,-0.67,0.31,0.37,0.0,0.0,0.0
1752860668017,38.0,-15.0,116.0,-13.0,3.0,-29.0,-11.8,11.3,-21.4,0.53,-0.7,0.45,-0.14,0.0,0.0,0.0
1752860668161,12.0,-22.0,166.0,-5.0,-17.0,-8.0,-1.2,-15.4,1.3,0.17,0.04,0.97,-0.15,0.0,0.0,0.0
1752860668309,49.0,-47.0,-165.0,2.0,4.0,-10.0,12.0,1.5,-6.5,0.21,0.27,0.93,-0.12,0.0,0.0,0.0
1752860668360,47.0,-52.0,-153.0,2.0,-3.0,-6.0,10.3,-6.0,-0.6,0.43,0.6,0.64,-0.19,0.0,0.0,0.0
1752860668407,40.0,-51.0,-140.0,4.0,5.0,-8.0,10.9,1.5,-2.7,0.47,0.64,0.59,-0.18,0.0,0.0,0.0
1752860668443,41.0,-54.0,-136.0,3.0,5.0,-6.0,10.4,1.4,-2.4,0.5,0.63,0.56,-0.19,0.0,0.0,0.0
1752860668484,44.0,-57.0,-134.0,-0.0,6.0,-7.0,9.1,2.4,-4.0,0.52,0.61,0.57,-0.21,0.0,0.0,0.0
1752860668527,48.0,-62.0,-138.0,-1.0,6.0,-8.0,8.0,3.1,-4.2,0.52,0.57,0.59,-0.23,0.0,0.0,0.0
1752860668568,51.0,-67.0,-144.0,-3.0,4.0,-8.0,6.2,1.6,-4.8,0.53,0.53,0.62,-0.25,0.0,0.0,0.0
1752860668811,40.0,-55.0,142.0,-8.0,-7.0,-10.0,-0.4,-3.5,-5.4,0.53,0.47,0.66,-0.26,0.0,0.0,0.0
1752860668861,32.0,-50.0,142.0,-10.0,-8.0,-8.0,-2.3,-4.3,-2.8,0.48,-0.17,0.85,-0.14,0.0,0.0,0.0
1752860668908,19.0,-48.0,143.0,-10.0,-7.0,-8.0,-1.2,-1.3,-4.0,0.47,-0.27,0.83,-0.09,0.0,0.0,0.0
1752860668945,8.0,-48.0,143.0,-11.0,-4.0,-12.0,-2.9,-2.4,-7.1,0.48,-0.36,0.8,-0.03,0.0,0.0,0.0
1752860668994,353.0,-51.0,145.0,-9.0,-7.0,-10.0,-0.7,-3.9,-4.5,0.49,-0.41,0.77,0.03,0.0,0.0,0.0
1752860669028,335.0,-55.0,148.0,-8.0,-9.0,-8.0,-0.2,-5.6,-3.2,0.5,-0.46,0.73,0.1,0.0,0.0,0.0
1752860669178,322.0,-59.0,148.0,-8.0,-7.0,-7.0,7.2,-2.4,-3.9,0.5,-0.5,0.69,0.16,0.0,0.0,0.0
1752860669225,313.0,-58.0,107.0,2.0,-7.0,-4.0,10.6,-1.6,-2.7,0.59,-0.61,0.46,0.26,0.0,0.0,0.0
1752860669363,328.0,-43.0,104.0,9.0,-14.0,-10.0,15.8,-6.7,-8.8,0.61,-0.63,0.41,0.26,0.0,0.0,0.0
1752860669413,344.0,-36.0,109.0,12.0,-16.0,-20.0,14.6,-6.1,-22.6,0.6,-0.69,0.39,0.09,0.0,0.0,0.0
1752860669460,16.0,-26.0,113.0,-1.0,-4.0,-36.0,2.8,4.4,-31.9,0.56,-0.66,0.49,-0.08,0.0,0.0,0.0
1752860669504,63.0,-17.0,120.0,-10.0,-2.0,-26.0,-9.2,5.8,-19.4,0.47,-0.58,0.62,-0.23,0.0,0.0,0.0
1752860669577,99.0,-12.0,128.0,-14.0,-5.0,-18.0,-11.9,1.6,-12.3,0.29,-0.38,0.81,-0.34,0.0,0.0,0.0
1752860669598,126.0,-13.0,135.0,-12.0,-6.0,-12.0,-7.9,-2.3,-3.2,0.18,-0.14,0.91,-0.35,0.0,0.0,0.0
1752860669636,19.0,-21.0,148.0,-7.0,-11.0,-8.0,-2.5,-6.7,-0.7,0.14,0.1,0.94,-0.3,0.0,0.0,0.0
1752860669670,46.0,-33.0,157.0,-6.0,-16.0,-16.0,1.8,-2.7,-10.8,0.18,0.32,0.89,-0.27,0.0,0.0,0.0
1752860670062,57.0,-64.0,-142.0,1.0,5.0,-8.0,5.7,1.3,-6.8,0.45,0.65,0.56,-0.25,0.0,0.0,0.0
1752860670107,59.0,-71.0,166.0,-6.0,-2.0,-11.0,3.3,-0.3,-8.2,0.51,0.34,0.73,-0.29,0.0,0.0,0.0
1752860670153,57.0,-65.0,147.0,-7.0,-3.0,-10.0,0.0,0.0,0.0,0.5,0.23,0.79,-0.27,0.0,0.0,0.0
1752860670201,53.0,-59.0,141.0,-6.0,-5.0,-11.0,0.6,-3.5,-6.9,0.49,0.08,0.84,-0.24,0.0,0.0,0.0
1752860670248,43.0,-51.0,142.0,-8.0,-7.0,-11.0,-0.1,-3.0,-6.6,0.47,-0.07,0.86,-0.19,0.0,0.0,0.0
1752860670287,29.0,-47.0,144.0,-4.0,-3.0,-8.0,3.4,1.3,-2.9,0.46,-0.19,0.86,-0.13,0.0,0.0,0.0
1752860670336,28.0,-41.0,137.0,-7.0,-9.0,-11.0,-0.9,-3.4,-5.8,0.45,-0.33,0.82,-0.12,0.0,0.0,0.0
1752860671072,116.0,-21.0,136.0,-10.0,-15.0,-11.0,-6.0,-9.1,-4.1,0.22,-0.11,0.91,-0.34,0.0,0.0,0.0
1752860671114,112.0,-33.0,142.0,-3.0,-8.0,-14.0,2.1,-2.8,-5.6,0.22,0.14,0.9,-0.34,0.0,0.0,0.0
1752860671164,99.0,-43.0,154.0,-4.0,-10.0,-13.0,3.7,-8.4,-6.7,0.27,0.38,0.83,-0.31,0.0,0.0,0.0
1752860671311,52.0,-55.0,-139.0,6.0,2.0,-9.0,13.3,-1.3,-4.8,0.33,0.5,0.75,-0.28,0.0,0.0,0.0
1752860671347,50.0,-56.0,-130.0,5.0,4.0,-7.0,12.6,-0.8,-3.7,0.51,0.66,0.5,-0.24,0.0,0.0,0.0
1752860671488,55.0,-68.0,-133.0,-1.0,3.0,-8.0,8.0,0.7,-5.5,0.54,0.64,0.5,-0.24,0.0,0.0,0.0
1752860671534,57.0,-73.0,-148.0,-5.0,0.0,-9.0,4.8,-1.1,-6.2,0.54,0.5,0.61,-0.29,0.0,0.0,0.0
1752860671573,59.0,-75.0,-175.0,-5.0,-1.0,-11.0,4.0,-0.5,-8.8,0.53,0.43,0.66,-0.3,0.0,0.0,0.0
1752860671728,51.0,-55.0,140.0,-8.0,-7.0,-12.0,-0.3,-2.8,-7.4,0.48,0.04,0.84,-0.24,0.0,0.0,0.0
1752860672167,327.0,-53.0,158.0,-4.0,-7.0,-7.0,11.6,-2.1,-3.1,0.47,-0.07,0.86,-0.19,0.0,0.0,0.0
1752860672214,303.0,-59.0,131.0,1.0,-7.0,-5.0,9.5,-3.5,-2.5,0.51,-0.65,0.49,0.27,0.0,0.0,0.0
1752860672260,303.0,-56.0,131.0,5.0,-12.0,-8.0,12.9,-8.2,-4.0,0.5,-0.68,0.47,0.27,0.0,0.0,0.0
1752860672306,307.0,-51.0,139.0,5.0,-15.0,-7.0,13.4,-12.4,-3.6,0.46,-0.7,0.49,0.25,0.0,0.0,0.0
1752860672351,329.0,-42.0,135.0,11.0,-14.0,-17.0,17.7,-5.2,-15.0,0.47,-0.71,0.51,0.13,0.0,0.0,0.0
1752860672398,8.0,-29.0,130.0,11.0,0.0,-34.0,15.6,7.1,-28.2,0.48,-0.69,0.55,0.0,0.0,0.0,0.0
1752860672428,44.0,-19.0,131.0,-3.0,4.0,-34.0,0.4,11.0,-27.5,0.43,-0.63,0.63,-0.13,0.0,0.0,0.0
1752860672575,15.0,-15.0,151.0,-3.0,-12.0,-15.0,-0.3,-7.1,-6.3,0.32,-0.52,0.75,-0.24,0.0,0.0,0.0
1752860672822,70.0,-57.0,-155.0,3.0,5.0,-9.0,11.4,2.1,-3.7,0.12,0.28,0.92,-0.26,0.0,0.0,0.0
1752860672873,65.0,-57.0,-147.0,6.0,3.0,-9.0,14.7,0.1,-4.4,0.44,0.67,0.53,-0.28,0.0,0.0,0.0
1752860673009,59.0,-59.0,-164.0,-0.0,2.0,-10.0,7.2,1.3,-5.7,0.46,0.66,0.53,-0.27,0.0,0.0,0.0
1752860673056,63.0,-60.0,-178.0,-1.0,-1.0,-11.0,4.8,-2.2,-4.1,0.43,0.47,0.73,-0.26,0.0,0.0,0.0
1752860673092,66.0,-60.0,168.0,-5.0,-2.0,-8.0,5.6,0.5,-5.6,0.42,0.38,0.77,-0.28,0.0,0.0,0.0
1752860673142,68.0,-57.0,153.0,-5.0,-4.0,-12.0,2.8,-0.8,-7.0,0.42,0.29,0.81,-0.28,0.0,0.0,0.0
1752860673176,67.0,-51.0,147.0,-4.0,-4.0,-13.0,3.6,-0.5,-7.7,0.41,0.18,0.85,-0.27,0.0,0.0,0.0
1752860673326,41.0,-38.0,145.0,-7.0,-6.0,-11.0,-0.5,-2.1,-4.3,0.39,0.06,0.88,-0.25,0.0,0.0,0.0
1752860673360,27.0,-39.0,146.0,-6.0,-7.0,-13.0,-0.0,-3.1,-6.9,0.4,-0.31,0.85,-0.11,0.0,0.0,0.0
1752860673409,11.0,-40.0,148.0,-7.0,-7.0,-12.0,-0.2,-3.2,-5.1,0.42,-0.4,0.81,-0.04,0.0,0.0,0.0
1752860673443,351.0,-44.0,150.0,-7.0,-5.0,-11.0,-0.2,-1.6,-4.9,0.43,-0.46,0.78,0.02,0.0,0.0,0.0
1752860673484,339.0,-46.0,149.0,-6.0,-7.0,-12.0,1.6,-3.1,-6.5,0.44,-0.51,0.73,0.07,0.0,0.0,0.0
1752860673530,328.0,-49.0,148.0,-5.0,-6.0,-10.0,2.1,-2.6,-4.4,0.44,-0.57,0.68,0.12,0.0,0.0,0.0
1752860673666,308.0,-56.0,124.0,4.0,-8.0,-4.0,11.9,-3.0,-1.3,0.47,-0.61,0.62,0.16,0.0,0.0,0.0
1752860673812,335.0,-37.0,113.0,15.0,-9.0,-16.0,21.1,0.0,-15.8,0.54,-0.68,0.42,0.26,0.0,0.0,0.0
1752860673954,96.0,-8.0,134.0,-18.0,-5.0,-17.0,-16.9,-1.8,-6.4,0.27,-0.48,0.78,-0.3,0.0,0.0,0.0
1752860674092,42.0,-31.0,157.0,-2.0,-7.0,-16.0,3.6,-3.6,-8.6,0.14,-0.24,0.92,-0.28,0.0,0.0,0.0
1752860674139,59.0,-40.0,167.0,-0.0,-7.0,-13.0,6.4,-5.4,-5.3,0.24,0.44,0.83,-0.25,0.0,0.0,0.0
1752860674172,76.0,-46.0,178.0,3.0,-1.0,-10.0,9.9,-1.4,-3.4,0.3,0.52,0.76,-0.24,0.0,0.0,0.0
1752860674538,59.0,-65.0,167.0,-4.0,-1.0,-10.0,4.6,0.1,-6.3,0.48,0.36,0.76,-0.27,0.0,0.0,0.0
1752860674591,58.0,-61.0,155.0,-5.0,-3.0,-9.0,3.2,-1.1,-4.3,0.47,0.25,0.81,-0.26,0.0,0.0,0.0
1752860674741,49.0,-41.0,137.0,-7.0,-8.0,-11.0,-1.5,-4.1,-4.9,0.43,-0.18,0.86,-0.21,0.0,0.0,0.0
1752860674791,38.0,-41.0,137.0,-8.0,-6.0,-12.0,-1.5,-1.4,-6.3,0.44,-0.27,0.84,-0.16,0.0,0.0,0.0
1752860674824,21.0,-43.0,138.0,-8.0,-8.0,-11.0,-1.6,-3.1,-5.8,0.47,-0.36,0.8,-0.1,0.0,0.0,0.0
1752860674975,328.0,-56.0,139.0,-5.0,-8.0,-6.0,3.1,-4.6,-2.1,0.48,-0.42,0.76,-0.04,0.0,0.0,0.0
1752860675016,319.0,-59.0,131.0,-4.0,-9.0,-4.0,4.3,-4.8,-1.5,0.54,-0.58,0.58,0.2,0.0,0.0,0.0
1752860675072,315.0,-58.0,114.0,-0.0,-11.0,-2.0,7.3,-1.8,-2.3,0.57,-0.61,0.5,0.24,0.0,0.0,0.0
1752860675108,316.0,-54.0,102.0,1.0,-6.0,-4.0,9.4,0.2,-2.8,0.61,-0.63,0.4,0.25,0.0,0.0,0.0
1752860675142,319.0,-48.0,94.0,4.0,-6.0,-5.0,10.9,0.1,-4.8,0.64,-0.64,0.34,0.24,0.0,0.0,0.0
1752860675289,356.0,-21.0,93.0,12.0,-10.0,-19.0,14.8,-0.2,-18.9,0.66,-0.66,0.29,0.22,0.0,0.0,0.0
1752860675325,17.0,-14.0,96.0,5.0,-8.0,-30.0,7.2,1.6,-28.9,0.68,-0.69,0.26,-0.07,0.0,0.0,0.0
1752860675475,121.0,-11.0,123.0,-16.0,-15.0,-8.0,-10.4,-7.8,-2.3,0.6,-0.68,0.37,-0.21,0.0,0.0,0.0
1752860675517,128.0,-20.0,132.0,-8.0,-17.0,-8.0,-3.7,-11.1,-1.2,0.19,0.01,0.9,-0.39,0.0,0.0,0.0
1752860676222,46.0,-66.0,138.0,-7.0,-5.0,-9.0,0.0,0.0,0.0,0.54,0.12,0.79,-0.24,0.0,0.0,0.0
1752860676367,16.0,-57.0,140.0,-10.0,-8.0,-8.0,-1.3,-4.6,-4.4,0.54,-0.22,0.81,-0.07,0.0,0.0,0.0
1752860676617,306.0,-61.0,101.0,2.0,-8.0,-5.0,11.2,-3.8,-3.5,0.55,-0.44,0.7,0.14,0.0,0.0,0.0
1752860676871,311.0,-55.0,98.0,3.0,-11.0,-6.0,-10.9,10.1,-30.3,0.62,-0.63,0.38,0.28,0.0,0.0,0.0
1752860676908,83.0,-11.0,114.0,-22.0,2.0,-26.0,-21.4,8.1,-18.5,0.41,-0.5,0.67,-0.36,0.0,0.0,0.0
1752860676955,113.0,-12.0,127.0,-20.0,-10.0,-6.0,-12.9,-7.6,0.9,0.25,-0.28,0.85,-0.38,0.0,0.0,0.0
1752860676988,5.0,-17.0,144.0,-6.0,-14.0,-9.0,-3.0,-9.1,-1.5,0.15,-0.02,0.93,-0.32,0.0,0.0,0.0
1752860677041,32.0,-24.0,155.0,1.0,-13.0,-11.0,4.8,-9.3,-3.0,0.14,0.21,0.93,-0.26,0.0,0.0,0.0
1752860677175,83.0,-43.0,-175.0,2.0,-0.0,-11.0,0.0,0.0,0.0,0.17,0.38,0.88,-0.23,0.0,0.0,0.0
1752860677225,67.0,-47.0,-169.0,2.0,2.0,-10.0,8.9,0.6,-3.5,0.34,0.63,0.66,-0.23,0.0,0.0,0.0
1752860677375,64.0,-52.0,-162.0,1.0,3.0,-9.0,8.2,2.4,-5.2,0.38,0.64,0.63,-0.24,0.0,0.0,0.0
1752860677409,61.0,-66.0,-158.0,-2.0,5.0,-8.0,7.9,3.1,-4.4,0.48,0.54,0.63,-0.28,0.0,0.0,0.0
1752860677574,53.0,-69.0,159.0,-4.0,-2.0,-10.0,4.8,-0.5,-6.5,0.49,0.49,0.66,-0.29,0.0,0.0,0.0
1752860677630,50.0,-65.0,146.0,-8.0,-6.0,-7.0,1.3,-3.7,-3.3,0.52,0.18,0.8,-0.24,0.0,0.0,0.0
1752860677632,45.0,-60.0,140.0,-7.0,-6.0,-7.0,1.6,-2.7,-2.7,0.52,0.06,0.83,-0.22,0.0,0.0,0.0
1752860677686,39.0,-56.0,138.0,-9.0,-6.0,-10.0,-1.5,-3.0,-6.5,0.51,-0.05,0.84,-0.19,0.0,0.0,0.0
1752860677820,31.0,-52.0,139.0,-11.0,-6.0,-10.0,0.0,0.0,0.0,0.5,-0.17,0.84,-0.14,0.0,0.0,0.0
1752860677960,315.0,-66.0,142.0,-8.0,-6.0,-8.0,1.8,-2.8,-5.2,0.49,-0.42,0.76,0.07,0.0,0.0,0.0
1752860678010,308.0,-71.0,131.0,-5.0,-6.0,-9.0,3.6,-4.7,-5.9,0.56,-0.51,0.59,0.28,0.0,0.0,0.0
1752860678044,302.0,-71.0,110.0,-2.0,-6.0,-3.0,7.3,-2.9,-2.5,0.58,-0.54,0.53,0.31,0.0,0.0,0.0
1752860678085,304.0,-66.0,92.0,-1.0,-10.0,0.0,7.9,-5.1,-0.0,0.61,-0.56,0.46,0.33,0.0,0.0,0.0
1752860678228,324.0,-42.0,88.0,9.0,-16.0,-10.0,16.4,-8.6,-11.9,0.65,-0.58,0.37,0.33,0.0,0.0,0.0
1752860678278,340.0,-34.0,92.0,9.0,-13.0,-24.0,14.3,-4.3,-23.8,0.69,-0.65,0.29,0.12,0.0,0.0,0.0
1752860678428,107.0,-7.0,121.0,-15.0,-6.0,-14.0,-13.0,-0.5,-6.8,0.67,-0.66,0.35,-0.01,0.0,0.0,0.0
1752860678462,132.0,-10.0,130.0,-13.0,-12.0,-16.0,-9.3,-5.1,-8.5,0.17,-0.17,0.89,-0.39,0.0,0.0,0.0
1752860678503,18.0,-19.0,143.0,-7.0,-12.0,-11.0,-3.5,-6.9,-3.7,0.13,0.08,0.93,-0.34,0.0,0.0,0.0
1752860678646,82.0,-41.0,-175.0,5.0,-2.0,-10.0,11.8,-2.6,-3.0,0.14,0.31,0.9,-0.28,0.0,0.0,0.0
1752860678693,70.0,-46.0,-170.0,-6.0,-14.0,-3.0,1.1,-15.3,3.6,0.32,0.64,0.67,-0.22,0.0,0.0,0.0
1752860679032,69.0,-70.0,153.0,-5.0,0.0,-9.0,2.1,-1.9,-6.5,0.37,0.66,0.63,-0.2,0.0,0.0,0.0
1752860679082,54.0,-55.0,133.0,-7.0,-6.0,-10.0,0.6,-1.9,-5.8,0.49,-0.0,0.83,-0.25,0.0,0.0,0.0
1752860679232,19.0,-48.0,135.0,-13.0,-6.0,-12.0,-6.4,-0.1,-7.3,0.5,-0.34,0.79,-0.08,0.0,0.0,0.0
1752860679262,22.0,-42.0,128.0,-12.0,-5.0,-11.0,-4.3,-3.2,-5.3,0.51,-0.43,0.74,-0.1,0.0,0.0,0.0
1752860679415,323.0,-61.0,132.0,-7.0,-8.0,-9.0,1.7,-4.5,-5.7,0.49,-0.44,0.75,0.0,0.0,0.0,0.0
1752860679444,316.0,-65.0,123.0,-3.0,-6.0,-5.0,5.5,-2.3,-3.3,0.57,-0.54,0.58,0.22,0.0,0.0,0.0
1752860679483,312.0,-66.0,112.0,-2.0,-7.0,-5.0,6.5,-3.3,-3.3,0.59,-0.55,0.54,0.26,0.0,0.0,0.0
1752860679628,319.0,-49.0,84.0,4.0,-10.0,-7.0,11.2,-3.1,-7.3,0.61,-0.56,0.48,0.29,0.0,0.0,0.0
1752860679770,2.0,-28.0,103.0,5.0,-12.0,-33.0,5.5,-1.3,-29.7,0.68,-0.62,0.32,0.23,0.0,0.0,0.0
1752860679820,32.0,-19.0,109.0,-7.0,-2.0,-32.0,-9.3,7.6,-25.7,0.56,-0.65,0.48,-0.16,0.0,0.0,0.0
1752860679851,71.0,-11.0,117.0,-18.0,-4.0,-22.0,-17.9,3.4,-16.5,0.43,-0.57,0.63,-0.31,0.0,0.0,0.0
1752860679902,114.0,-7.0,128.0,-10.0,-6.0,-5.0,-8.5,1.7,1.7,0.27,-0.41,0.78,-0.37,0.0,0.0,0.0
1752860679934,122.0,-15.0,135.0,-12.0,-26.0,-10.0,-8.8,-19.4,-2.8,0.19,-0.19,0.9,-0.34,0.0,0.0,0.0
1752860680085,15.0,-26.0,152.0,-10.0,-7.0,-16.0,8.6,2.8,-7.9,0.18,0.07,0.94,-0.26,0.0,0.0,0.0
1752860680128,63.0,-63.0,-180.0,-0.0,3.0,-13.0,8.9,2.9,-9.2,0.45,0.45,0.72,-0.28,0.0,0.0,0.0
1752860680176,61.0,-72.0,-166.0,1.0,3.0,-10.0,10.4,2.6,-5.9,0.5,0.46,0.67,-0.3,0.0,0.0,0.0
1752860680214,60.0,-71.0,-167.0,-4.0,8.0,-5.0,10.7,3.9,-4.2,0.51,0.46,0.67,-0.29,0.0,0.0,0.0
1752860696855,38.0,-44.0,122.0,-6.0,-8.0,-5.0,-0.4,-1.5,-0.1,0.53,-0.31,0.77,-0.18,0.0,0.0,0.0
1752860697001,46.0,-33.0,125.0,-5.0,-3.0,-7.0,-0.9,4.3,-0.8,0.47,-0.41,0.76,-0.2,0.0,0.0,0.0
1752860697146,45.0,-19.0,138.0,-4.0,-5.0,-6.0,-1.3,1.0,1.2,0.36,-0.59,0.7,-0.15,0.0,0.0,0.0
1752860697287,32.0,-22.0,137.0,-11.0,-7.0,-6.0,-7.3,-0.9,0.1,0.35,-0.61,0.69,-0.14,0.0,0.0,0.0
1752860697432,265.0,-15.0,139.0,-2.0,-4.0,-8.0,-0.9,1.7,-1.3,0.37,-0.64,0.66,-0.11,0.0,0.0,0.0
1752860697576,258.0,-14.0,139.0,-2.0,-6.0,-8.0,0.0,0.0,0.0,0.35,-0.72,0.58,-0.12,0.0,0.0,0.0
1752860697638,255.0,-14.0,138.0,-3.0,-3.0,-7.0,-0.7,3.0,0.1,0.36,-0.73,0.57,-0.11,0.0,0.0,0.0
1752860697658,253.0,-13.0,138.0,-3.0,-6.0,-7.0,-1.2,0.5,-0.2,0.35,-0.74,0.56,-0.12,0.0,0.0,0.0
1752860697708,252.0,-11.0,138.0,-3.0,-7.0,-7.0,0.0,0.0,0.0,0.35,-0.75,0.55,-0.12,0.0,0.0,0.0
1752860697747,250.0,-11.0,137.0,-3.0,-5.0,-7.0,-0.9,1.4,0.3,0.36,-0.76,0.53,-0.12,0.0,0.0,0.0
1752860697996,246.0,-10.0,136.0,-3.0,-7.0,-7.0,-1.4,0.3,0.0,0.36,-0.76,0.52,-0.12,0.0,0.0,0.0
1752860698045,314.0,-11.0,134.0,-3.0,-7.0,-7.0,-1.5,-0.4,0.1,0.37,-0.91,-0.12,0.15,0.0,0.0,0.0
1752860698089,314.0,-11.0,133.0,-1.0,-7.0,-6.0,0.8,0.3,1.1,0.37,-0.91,-0.13,0.16,0.0,0.0,0.0
1752860698137,316.0,-10.0,133.0,-3.0,-6.0,-6.0,0.0,0.0,0.0,0.38,-0.91,-0.13,0.15,0.0,0.0,0.0
1752860698180,320.0,-9.0,132.0,-5.0,-7.0,-6.0,0.2,-1.5,-0.8,0.39,-0.9,-0.13,0.14,0.0,0.0,0.0
1752860698219,323.0,-8.0,130.0,-3.0,-7.0,-6.0,-1.5,0.7,0.0,0.4,-0.9,-0.13,0.13,0.0,0.0,0.0
1752860698259,326.0,-7.0,129.0,-2.0,-8.0,-6.0,-1.1,-0.2,0.1,0.41,-0.89,-0.13,0.13,0.0,0.0,0.0
1752860698299,328.0,-6.0,127.0,-2.0,-8.0,-6.0,-1.1,0.0,0.3,0.43,-0.89,-0.13,0.12,0.0,0.0,0.0
1752860698546,346.0,3.0,118.0,-1.0,-9.0,-5.0,-1.5,-0.1,0.0,0.44,-0.88,-0.13,0.12,0.0,0.0,0.0
1752860698837,347.0,3.0,108.0,-1.0,-9.0,-2.0,-1.1,0.0,-0.7,0.58,-0.8,-0.14,0.07,0.0,0.0,0.0
1752860698878,354.0,7.0,97.0,0.0,-10.0,-2.0,-0.9,-0.3,-0.6,0.66,-0.74,-0.13,0.03,0.0,0.0,0.0
1752860699020,354.0,6.0,95.0,-0.0,-10.0,-1.0,-1.1,-0.2,-0.0,0.67,-0.73,-0.12,0.04,0.0,0.0,0.0
1752860699061,352.0,6.0,90.0,-0.0,-10.0,-0.0,-1.0,0.1,-0.0,0.71,-0.7,-0.12,0.05,0.0,0.0,0.0
1752860699105,352.0,5.0,88.0,0.0,-10.0,-0.0,-0.7,0.3,-0.5,0.71,-0.69,-0.11,0.05,0.0,0.0,0.0
1752860699250,355.0,9.0,84.0,1.0,-11.0,1.0,-0.7,-1.8,-0.4,0.74,-0.66,-0.13,0.04,0.0,0.0,0.0
1752860699397,354.0,9.0,81.0,1.0,-10.0,1.0,-1.0,-0.2,-0.1,0.74,-0.65,-0.14,0.03,0.0,0.0,0.0
1752860699441,353.0,8.0,79.0,1.0,-10.0,2.0,-0.9,-0.2,0.1,0.77,-0.62,-0.13,0.05,0.0,0.0,0.0
1752860699519,352.0,8.0,78.0,0.0,-10.0,2.0,-1.0,-0.7,-0.4,0.78,-0.61,-0.13,0.05,0.0,0.0,0.0
1752860699536,352.0,8.0,78.0,0.0,-10.0,2.0,-1.0,0.0,-0.1,0.77,-0.62,-0.13,0.05,0.0,0.0,0.0
1752860699746,349.0,6.0,78.0,0.0,-10.0,2.0,-0.9,-0.6,-0.5,0.77,-0.62,-0.12,0.07,0.0,0.0,0.0
1752860699838,350.0,6.0,78.0,0.0,-9.0,2.0,-0.9,0.0,-0.0,0.77,-0.62,-0.12,0.07,0.0,0.0,0.0
1752860699887,349.0,6.0,78.0,0.0,-9.0,2.0,-1.0,0.0,-0.0,0.77,-0.62,-0.12,0.07,0.0,0.0,0.0
1752860700052,349.0,6.0,80.0,0.0,-10.0,2.0,-0.8,-0.1,-0.1,0.76,-0.63,-0.13,0.08,0.0,0.0,0.0
1752860700299,344.0,2.0,81.0,-0.0,-10.0,2.0,-0.4,0.0,-0.0,0.76,-0.63,-0.13,0.08,0.0,0.0,0.0
1752860700343,343.0,2.0,81.0,-0.0,-10.0,1.0,-0.3,-0.2,-0.5,0.75,-0.64,-0.11,0.11,0.0,0.0,0.0
1752860700388,342.0,1.0,81.0,-1.0,-10.0,1.0,-0.7,-0.1,-0.3,0.75,-0.64,-0.11,0.12,0.0,0.0,0.0
1752860700533,342.0,1.0,79.0,-1.0,-9.0,2.0,-0.7,0.2,-0.0,0.76,-0.63,-0.11,0.12,0.0,0.0,0.0
1752860700773,342.0,1.0,79.0,-1.0,-9.0,1.0,-0.4,0.3,-0.5,0.76,-0.63,-0.11,0.12,0.0,0.0,0.0
1752860700814,339.0,-2.0,80.0,-1.0,-9.0,1.0,-0.2,0.2,-0.7,0.75,-0.64,-0.1,0.14,0.0,0.0,0.0
1752860700853,338.0,-3.0,80.0,-1.0,-9.0,1.0,-0.2,0.4,-1.0,0.75,-0.63,-0.09,0.15,0.0,0.0,0.0
1752860700994,336.0,-7.0,74.0,-1.0,-8.0,3.0,0.1,1.1,0.5,0.76,-0.63,-0.08,0.15,0.0,0.0,0.0
1752860701139,334.0,-10.0,73.0,-2.0,-10.0,4.0,-0.3,-0.8,0.5,0.79,-0.59,-0.04,0.17,0.0,0.0,0.0
1752860701283,331.0,-15.0,70.0,-2.0,-9.0,3.0,-0.0,-0.2,-0.0,0.79,-0.58,0.01,0.21,0.0,0.0,0.0
1752860701324,330.0,-17.0,67.0,-3.0,-9.0,2.0,-0.1,-0.5,-1.5,0.8,-0.56,0.03,0.22,0.0,0.0,0.0
1752860701363,329.0,-19.0,62.0,-3.0,-8.0,4.0,0.4,-0.3,-0.5,0.82,-0.53,0.05,0.22,0.0,0.0,0.0
1752860701405,329.0,-21.0,58.0,-4.0,-8.0,5.0,0.0,-0.6,0.1,0.83,-0.5,0.07,0.23,0.0,0.0,0.0
1752860702006,325.0,-33.0,52.0,-4.0,-6.0,4.0,1.0,0.8,-0.7,0.83,-0.45,0.19,0.26,0.0,0.0,0.0
1752860702251,310.0,-40.0,48.0,-7.0,-4.0,5.0,0.0,1.1,-0.6,0.83,-0.45,0.19,0.27,0.0,0.0,0.0
1752860702304,306.0,-42.0,42.0,-7.0,-4.0,5.0,-0.5,0.4,-0.8,0.79,-0.42,0.21,0.4,0.0,0.0,0.0
1752860702348,302.0,-45.0,34.0,-8.0,-3.0,4.0,-1.1,0.3,-1.3,0.78,-0.39,0.24,0.42,0.0,0.0,0.0
1752860702398,300.0,-47.0,28.0,-8.0,-3.0,5.0,-0.8,-0.1,-1.1,0.77,-0.36,0.27,0.45,0.0,0.0,0.0
1752860702433,297.0,-50.0,23.0,-8.0,-3.0,5.0,-0.3,-0.8,-1.1,0.76,-0.34,0.29,0.47,0.0,0.0,0.0
1752860702467,294.0,-52.0,22.0,-8.0,-3.0,4.0,-0.1,-0.5,-1.1,0.75,-0.35,0.3,0.48,0.0,0.0,0.0
1752860702608,286.0,-59.0,28.0,-8.0,-2.0,4.0,0.0,0.0,-0.7,0.73,-0.36,0.31,0.49,0.0,0.0,0.0
1752860702765,278.0,-64.0,37.0,-10.0,-3.0,4.0,-0.8,0.3,0.6,0.67,-0.43,0.31,0.52,0.0,0.0,0.0
1752860702800,275.0,-65.0,39.0,-9.0,-2.0,3.0,-0.5,0.5,-0.1,0.6,-0.5,0.3,0.55,0.0,0.0,0.0
1752860702853,273.0,-65.0,42.0,-10.0,-2.0,3.0,-0.7,0.3,0.2,0.59,-0.51,0.29,0.56,0.0,0.0,0.0
1752860702907,270.0,-66.0,43.0,-9.0,-3.0,3.0,-0.4,-0.4,0.6,0.57,-0.52,0.28,0.57,0.0,0.0,0.0
1752860702944,269.0,-66.0,43.0,-9.0,-3.0,4.0,-0.4,0.1,0.5,0.56,-0.52,0.28,0.58,0.0,0.0,0.0
1752860702991,268.0,-67.0,40.0,-9.0,-2.0,3.0,0.2,0.5,0.4,0.56,-0.52,0.28,0.58,0.0,0.0,0.0
1752860703026,267.0,-67.0,34.0,-9.0,-1.0,3.0,0.3,0.7,0.2,0.56,-0.51,0.29,0.59,0.0,0.0,0.0
1752860703079,266.0,-68.0,28.0,-9.0,-1.0,4.0,0.2,0.4,0.2,0.56,-0.49,0.3,0.6,0.0,0.0,0.0
1752860703115,266.0,-68.0,21.0,-9.0,-1.0,4.0,0.3,0.7,0.3,0.56,-0.47,0.32,0.6,0.0,0.0,0.0
1752860703160,266.0,-68.0,15.0,-9.0,-0.0,4.0,0.3,0.4,0.3,0.56,-0.46,0.34,0.6,0.0,0.0,0.0
1752860703312,264.0,-68.0,0.0,-9.0,-0.0,4.0,-0.0,-0.3,0.1,0.56,-0.44,0.35,0.61,0.0,0.0,0.0
1752860703452,263.0,-68.0,-7.0,-9.0,0.0,3.0,0.2,-0.1,-0.3,0.55,-0.41,0.37,0.62,0.0,0.0,0.0
1752860703604,264.0,-68.0,-11.0,-9.0,1.0,4.0,0.2,-0.4,0.1,0.55,-0.39,0.4,0.62,0.0,0.0,0.0
1752860703641,266.0,-68.0,-20.0,-9.0,1.0,4.0,0.0,-0.4,0.3,0.56,-0.36,0.44,0.6,0.0,0.0,0.0
1752860703785,267.0,-68.0,-21.0,-9.0,1.0,3.0,0.1,-0.9,-0.3,0.56,-0.36,0.45,0.6,0.0,0.0,0.0
1752860703821,272.0,-69.0,-27.0,-9.0,1.0,3.0,0.3,-0.8,-0.5,0.58,-0.33,0.48,0.57,0.0,0.0,0.0
1752860703869,274.0,-68.0,-32.0,-9.0,2.0,3.0,0.4,-0.3,-0.5,0.59,-0.31,0.5,0.56,0.0,0.0,0.0
1752860704108,285.0,-69.0,-47.0,-7.0,2.0,1.0,0.0,0.8,-0.3,0.6,-0.28,0.52,0.54,0.0,0.0,0.0
1752860704158,285.0,-69.0,-48.0,-9.0,3.0,2.0,0.2,0.5,-0.5,0.63,-0.23,0.57,0.48,0.0,0.0,0.0
1752860704208,285.0,-70.0,-49.0,-9.0,3.0,2.0,0.0,0.5,-0.4,0.62,-0.23,0.58,0.48,0.0,0.0,0.0
1752860704456,283.0,-70.0,-56.0,-9.0,3.0,2.0,0.2,0.0,-0.2,0.62,-0.23,0.58,0.47,0.0,0.0,0.0
1752860704604,283.0,-70.0,-57.0,-9.0,3.0,2.0,0.2,-0.0,-0.2,0.6,-0.23,0.59,0.48,0.0,0.0,0.0
1752860704847,283.0,-71.0,-57.0,-10.0,1.0,2.0,-0.0,-0.3,0.2,0.6,-0.24,0.59,0.48,0.0,0.0,0.0
1752860704892,277.0,-77.0,-21.0,-9.0,2.0,2.0,-0.4,1.3,0.0,0.58,-0.38,0.5,0.51,0.0,0.0,0.0
1752860705031,270.0,-76.0,42.0,-9.0,-2.0,2.0,0.1,-0.1,0.0,0.58,-0.41,0.48,0.52,0.0,0.0,0.0
